Date,Open,High,Low,Close,Volume
2026-01-27,1240.0,1250.0,1235.0,1235.0,34273100
2026-01-26,1230.0,1235.0,1210.0,1230.0,31539600
2026-01-23,1230.0,1240.0,1205.0,1230.0,33558600
2026-01-22,1215.0,1235.0,1215.0,1230.0,36345400
2026-01-21,1225.0,1225.0,1200.0,1215.0,38212700
2026-01-20,1220.0,1235.0,1215.0,1220.0,32176700
2026-01-19,1220.0,1240.0,1205.0,1220.0,51929900
2026-01-15,1210.0,1245.0,1200.0,1220.0,73045400
2026-01-14,1165.0,1220.0,1165.0,1200.0,94341600
2026-01-13,1165.0,1180.0,1160.0,1165.0,22021900
2026-01-12,1160.0,1175.0,1150.0,1160.0,19099100
2026-01-09,1165.0,1170.0,1155.0,1160.0,12324700
2026-01-08,1165.0,1190.0,1160.0,1160.0,19657400
2026-01-07,1190.0,1190.0,1165.0,1165.0,25128900
2026-01-06,1160.0,1170.0,1155.0,1170.0,13959300
2026-01-05,1150.0,1170.0,1145.0,1160.0,24958400
2026-01-02,1175.0,1175.0,1150.0,1160.0,8387700
2025-12-31,1175.0,1175.0,1175.0,1175.0,0
2025-12-30,1150.0,1175.0,1145.0,1175.0,28434600
2025-12-29,1160.0,1165.0,1150.0,1150.0,11437200
2025-12-26,1160.0,1160.0,1160.0,1160.0,0
2025-12-24,1150.0,1165.0,1145.0,1160.0,12027100
2025-12-23,1155.0,1155.0,1140.0,1155.0,14338800
2025-12-22,1170.0,1175.0,1145.0,1155.0,14063500
2025-12-19,1185.0,1190.0,1165.0,1170.0,19889000
2025-12-18,1160.0,1195.0,1160.0,1185.0,56271300
2025-12-17,1145.0,1165.0,1135.0,1160.0,32484700
2025-12-16,1175.0,1185.0,1135.0,1145.0,38271100
2025-12-15,1100.0,1175.0,1095.0,1170.0,71873200
2025-12-12,1095.0,1100.0,1070.0,1090.0,22401300
2025-12-11,1110.0,1130.0,1090.0,1095.0,35261800
2025-12-10,1130.0,1140.0,1100.0,1100.0,56029800
2025-12-09,1150.0,1155.0,1125.0,1130.0,48307800
2025-12-08,1170.0,1175.0,1140.0,1150.0,49463400
2025-12-05,1175.0,1180.0,1160.0,1165.0,12789900
2025-12-04,1185.0,1185.0,1170.0,1175.0,12483700
2025-12-03,1185.0,1185.0,1175.0,1180.0,11352600
2025-12-02,1190.0,1200.0,1175.0,1180.0,24184200
2025-12-01,1180.0,1205.0,1180.0,1185.0,13496800
2025-11-28,1190.0,1195.0,1185.0,1195.0,11676400
2025-11-27,1195.0,1205.0,1185.0,1190.0,11856200
2025-11-26,1200.0,1205.0,1190.0,1195.0,11962300
2025-11-25,1210.0,1210.0,1195.0,1200.0,11451800
2025-11-24,1190.0,1210.0,1190.0,1210.0,17144300
2025-11-21,1200.0,1205.0,1180.0,1185.0,27330400
2025-11-20,1205.0,1220.0,1200.0,1200.0,22734900
2025-11-19,1210.0,1215.0,1200.0,1200.0,11670700
2025-11-18,1210.0,1225.0,1200.0,1210.0,22244400
2025-11-17,1195.0,1225.0,1195.0,1210.0,20744600
2025-11-14,1195.0,1210.0,1190.0,1195.0,13327200
2025-11-13,1210.0,1210.0,1190.0,1200.0,17652400
2025-11-12,1200.0,1220.0,1200.0,1210.0,15669500
2025-11-11,1225.0,1225.0,1195.0,1200.0,33661200
2025-11-10,1240.0,1240.0,1210.0,1220.0,30983200
2025-11-07,1225.0,1245.0,1215.0,1230.0,31514100
2025-11-06,1220.0,1235.0,1210.0,1225.0,27442700
2025-11-05,1210.0,1220.0,1205.0,1220.0,31664300
2025-11-04,1215.0,1225.0,1205.0,1215.0,39577400
2025-11-03,1225.0,1240.0,1210.0,1215.0,43702900
2025-10-31,1245.0,1245.0,1215.0,1225.0,31696700
2025-10-30,1235.0,1265.0,1225.0,1235.0,66920300
2025-10-29,1200.0,1240.0,1200.0,1235.0,47563700
2025-10-28,1215.0,1215.0,1195.0,1195.0,26799200
2025-10-27,1215.0,1235.0,1190.0,1205.0,50417800
2025-10-24,1205.0,1230.0,1205.0,1205.0,57807900
2025-10-23,1175.0,1215.0,1175.0,1195.0,57813900
2025-10-22,1230.0,1260.0,1165.0,1170.0,111962800
2025-10-21,1250.0,1260.0,1220.0,1225.0,55931500
2025-10-20,1155.0,1250.0,1155.0,1235.0,109037100
2025-10-17,1150.0,1175.0,1140.0,1140.0,39688000
2025-10-16,1140.0,1175.0,1130.0,1150.0,38997900
2025-10-15,1140.0,1160.0,1120.0,1140.0,49069300
2025-10-14,1140.0,1160.0,1120.0,1130.0,28587300
2025-10-13,1150.0,1170.0,1130.0,1140.0,69579100
2025-10-10,1225.0,1225.0,1185.0,1185.0,63735400
2025-10-09,1190.0,1265.0,1160.0,1235.0,147891900
2025-10-08,1205.0,1210.0,1175.0,1180.0,21930700
2025-10-07,1195.0,1215.0,1175.0,1200.0,30396700
2025-10-06,1215.0,1230.0,1180.0,1195.0,32512800
2025-10-03,1260.0,1260.0,1210.0,1215.0,50772700
2025-10-02,1265.0,1285.0,1250.0,1265.0,23851100
2025-10-01,1290.0,1295.0,1250.0,1265.0,31300200
2025-09-30,1290.0,1300.0,1270.0,1285.0,22256900
2025-09-29,1300.0,1310.0,1285.0,1290.0,13469300
2025-09-26,1280.0,1300.0,1270.0,1300.0,15371400
2025-09-25,1275.0,1295.0,1240.0,1275.0,37979300
2025-09-24,1305.0,1310.0,1260.0,1275.0,35098300
2025-09-23,1305.0,1330.0,1285.0,1305.0,42784300
2025-09-22,1340.0,1345.0,1305.0,1305.0,20724000
2025-09-19,1325.0,1345.0,1320.0,1335.0,27934400
2025-09-18,1400.0,1405.0,1320.0,1325.0,68120300
2025-09-17,1345.0,1415.0,1335.0,1390.0,105109100
2025-09-16,1390.0,1395.0,1335.0,1345.0,42500700
2025-09-15,1450.0,1450.0,1385.0,1390.0,53574200
2025-09-12,1385.0,1445.0,1370.0,1410.0,113504400
2025-09-11,1315.0,1380.0,1305.0,1355.0,113362400
2025-09-10,1205.0,1290.0,1205.0,1275.0,30123100
2025-09-09,1200.0,1250.0,1190.0,1220.0,44407300
2025-09-08,1290.0,1315.0,1155.0,1155.0,59151800
2025-09-04,1270.0,1285.0,1255.0,1280.0,11069400
2025-09-03,1280.0,1295.0,1260.0,1270.0,13531800
2025-09-02,1280.0,1300.0,1260.0,1275.0,18825800
2025-09-01,1225.0,1290.0,1220.0,1280.0,29772100
2025-08-29,1305.0,1310.0,1275.0,1300.0,38371500
2025-08-28,1285.0,1320.0,1285.0,1305.0,50418200
2025-08-27,1270.0,1280.0,1235.0,1240.0,17590400
2025-08-26,1300.0,1300.0,1260.0,1260.0,19669700
2025-08-25,1315.0,1320.0,1295.0,1300.0,21053300
2025-08-22,1285.0,1300.0,1265.0,1270.0,11752600
2025-08-21,1325.0,1335.0,1270.0,1280.0,31318800
2025-08-20,1280.0,1330.0,1255.0,1320.0,48467200
2025-08-19,1280.0,1280.0,1245.0,1255.0,18955900
2025-08-15,1350.0,1355.0,1280.0,1280.0,37158200
2025-08-14,1340.0,1375.0,1325.0,1350.0,72254600
2025-08-13,1275.0,1360.0,1230.0,1335.0,132059900
2025-08-12,1210.0,1280.0,1205.0,1260.0,72378400
2025-08-11,1110.0,1220.0,1105.0,1205.0,70689200
2025-08-08,1105.0,1120.0,1095.0,1115.0,8822700
2025-08-07,1130.0,1130.0,1110.0,1115.0,9107100
2025-08-06,1115.0,1135.0,1110.0,1130.0,14511100
2025-08-05,1095.0,1135.0,1095.0,1115.0,20823700
2025-08-04,1115.0,1125.0,1090.0,1095.0,25459100
2025-08-01,1115.0,1140.0,1115.0,1115.0,12079300
2025-07-31,1150.0,1150.0,1110.0,1115.0,35857000
2025-07-30,1175.0,1180.0,1150.0,1150.0,21305600
2025-07-29,1190.0,1190.0,1155.0,1175.0,19042800
2025-07-28,1195.0,1215.0,1180.0,1185.0,9530900
2025-07-25,1210.0,1210.0,1180.0,1195.0,8300700
2025-07-24,1200.0,1250.0,1190.0,1215.0,27236000
2025-07-23,1180.0,1195.0,1165.0,1190.0,7971700
2025-07-22,1180.0,1190.0,1170.0,1175.0,12309200
2025-07-21,1210.0,1215.0,1175.0,1175.0,16819600
2025-07-18,1235.0,1240.0,1205.0,1205.0,14390200
2025-07-17,1240.0,1245.0,1215.0,1220.0,12791700
2025-07-16,1235.0,1270.0,1230.0,1240.0,51188200
2025-07-15,1190.0,1210.0,1165.0,1210.0,15293200
2025-07-14,1200.0,1205.0,1165.0,1185.0,22594200
2025-07-11,1170.0,1200.0,1155.0,1195.0,32597400
2025-07-10,1110.0,1160.0,1105.0,1155.0,29456900
2025-07-09,1080.0,1110.0,1080.0,1100.0,10232200
2025-07-08,1085.0,1090.0,1070.0,1080.0,11473700
2025-07-07,1085.0,1095.0,1070.0,1085.0,6688700
2025-07-04,1080.0,1100.0,1075.0,1085.0,6888200
2025-07-03,1090.0,1105.0,1070.0,1080.0,13241400
2025-07-02,1100.0,1100.0,1070.0,1090.0,17967700
2025-07-01,1120.0,1125.0,1085.0,1095.0,21994600
2025-06-30,1150.0,1155.0,1115.0,1115.0,17522000
2025-06-26,1105.0,1150.0,1095.0,1150.0,18000000
2025-06-25,1135.0,1135.0,1095.0,1100.0,10317800
2025-06-24,1105.0,1135.0,1105.0,1115.0,15918100
2025-06-23,1090.0,1095.0,1055.0,1085.0,24057000
2025-06-20,1145.0,1145.0,1105.0,1110.0,31820500
2025-06-19,1175.0,1180.0,1125.0,1145.0,25093600
2025-06-18,1215.0,1215.0,1170.0,1175.0,30617600
2025-06-17,1150.0,1215.0,1150.0,1200.0,39678300
2025-06-16,1150.0,1170.0,1150.0,1150.0,14050800
2025-06-13,1175.0,1175.0,1150.0,1160.0,8542800
2025-06-12,1185.0,1185.0,1145.0,1180.0,22393100
2025-06-11,1200.0,1200.0,1170.0,1180.0,10140500
2025-06-10,1150.0,1200.0,1150.0,1190.0,21332600
2025-06-05,1190.0,1190.0,1140.0,1145.0,44077400
2025-06-04,1220.0,1220.0,1180.0,1190.0,11914600
2025-06-03,1195.0,1215.0,1170.0,1200.0,34827800
2025-06-02,1255.0,1260.0,1195.0,1200.0,54710100
2025-05-28,1275.0,1275.0,1240.0,1255.0,24773900
2025-05-27,1270.0,1280.0,1260.0,1275.0,29759200
2025-05-26,1270.0,1280.0,1250.0,1265.0,28992000
2025-05-23,1285.0,1290.0,1270.0,1270.0,14934900
2025-05-22,1290.0,1320.0,1275.0,1275.0,43676900
2025-05-21,1240.0,1295.0,1240.0,1275.0,60436400
2025-05-20,1240.0,1290.0,1225.0,1230.0,56185600
2025-05-19,1250.0,1260.0,1230.0,1240.0,34406100
2025-05-16,1250.0,1255.0,1215.0,1250.0,34963300
2025-05-15,1225.0,1260.0,1225.0,1240.0,56684700
2025-05-14,1170.0,1225.0,1155.0,1220.0,93784100
2025-05-09,1165.0,1175.0,1130.0,1150.0,28497400
2025-05-08,1075.0,1185.0,1070.0,1160.0,209274700
2025-05-07,1060.0,1065.0,1045.0,1055.0,14763600
2025-05-06,1055.0,1060.0,1045.0,1055.0,16967300
2025-05-05,1060.0,1070.0,1035.0,1055.0,30361700
2025-05-02,1070.0,1070.0,1050.0,1050.0,33351100
2025-04-30,1085.0,1085.0,1045.0,1055.0,48675200
2025-04-29,1100.0,1100.0,1060.0,1085.0,46465900
2025-04-28,1040.0,1105.0,1040.0,1100.0,73362600
2025-04-25,1040.0,1055.0,1025.0,1035.0,60843500
2025-04-24,1045.0,1050.0,1000.0,1015.0,90755300
2025-04-23,985.0,1030.0,960.0,1010.0,82283000
2025-04-22,915.0,965.0,910.0,965.0,32714100
2025-04-21,945.0,955.0,910.0,920.0,20455700
2025-04-17,960.0,960.0,925.0,945.0,55101600
2025-04-16,895.0,975.0,895.0,965.0,153583700
2025-04-15,865.0,910.0,865.0,885.0,75272300
2025-04-14,890.0,910.0,885.0,910.0,55660000
2025-04-11,870.0,885.0,855.0,880.0,36054100
2025-04-10,875.0,885.0,855.0,880.0,47721000
2025-04-09,810.0,870.0,810.0,825.0,42592500
2025-04-08,790.0,880.0,770.0,810.0,70216500
2025-03-27,890.0,905.0,855.0,885.0,74403600
2025-03-26,840.0,905.0,840.0,895.0,110143000
2025-03-25,785.0,825.0,785.0,820.0,39877400
2025-03-24,780.0,810.0,755.0,785.0,57407100
2025-03-21,815.0,815.0,770.0,770.0,64153800
2025-03-20,835.0,860.0,800.0,815.0,43989600
2025-03-19,825.0,845.0,815.0,830.0,27700900
2025-03-18,830.0,840.0,800.0,825.0,56509300
2025-03-17,820.0,830.0,815.0,830.0,18909400
2025-03-14,830.0,835.0,815.0,820.0,25513000
2025-03-13,860.0,865.0,825.0,830.0,40218500
2025-03-12,845.0,860.0,845.0,850.0,21068000
2025-03-11,845.0,855.0,835.0,845.0,29637300
2025-03-10,855.0,860.0,845.0,855.0,26620700
2025-03-07,870.0,870.0,850.0,855.0,54271800
2025-03-06,880.0,905.0,870.0,875.0,53402400
2025-03-05,855.0,910.0,855.0,880.0,60254500
2025-03-04,875.0,880.0,855.0,855.0,34389600
2025-03-03,870.0,895.0,855.0,880.0,56966800
2025-02-28,885.0,885.0,835.0,835.0,68591800
2025-02-27,900.0,920.0,885.0,895.0,21933700
2025-02-26,910.0,930.0,890.0,900.0,21909500
2025-02-25,920.0,930.0,900.0,910.0,21777000
2025-02-24,935.0,945.0,920.0,920.0,18996400
2025-02-21,960.0,960.0,930.0,935.0,21598700
2025-02-20,965.0,980.0,945.0,960.0,21047400
2025-02-19,995.0,1000.0,965.0,965.0,24651300
2025-02-18,990.0,1010.0,980.0,995.0,50424200
2025-02-17,975.0,1000.0,960.0,990.0,50965900
2025-02-14,940.0,985.0,935.0,975.0,28382800
2025-02-13,925.0,945.0,920.0,940.0,23550400
2025-02-12,920.0,940.0,910.0,930.0,25382900
2025-02-11,940.0,955.0,905.0,920.0,29904200
2025-02-10,965.0,965.0,940.0,945.0,30213200
2025-02-07,970.0,980.0,955.0,965.0,25124400
2025-02-06,995.0,1005.0,955.0,970.0,44182900
2025-02-05,1005.0,1010.0,990.0,995.0,23461600
2025-02-04,1020.0,1025.0,1000.0,1005.0,32212100
2025-02-03,1040.0,1040.0,1005.0,1010.0,36238500
2025-01-31,1025.0,1060.0,1025.0,1045.0,32702000
2025-01-30,1060.0,1065.0,1015.0,1020.0,29905700
2025-01-24,1090.0,1095.0,1060.0,1065.0,21273100
2025-01-23,1085.0,1105.0,1085.0,1085.0,20373300
2025-01-22,1100.0,1105.0,1085.0,1085.0,15943500
2025-01-21,1115.0,1120.0,1085.0,1095.0,59439200
2025-01-20,1100.0,1110.0,1080.0,1095.0,27122500
2025-01-17,1100.0,1110.0,1075.0,1085.0,41021600
2025-01-16,1115.0,1130.0,1095.0,1105.0,56313700
2025-01-15,1050.0,1105.0,1050.0,1095.0,50261300
2025-01-14,1080.0,1090.0,1040.0,1050.0,25207000
2025-01-13,1110.0,1115.0,1070.0,1080.0,29112600
2025-01-10,1130.0,1145.0,1120.0,1120.0,9507700
2025-01-09,1140.0,1150.0,1130.0,1130.0,6074500
2025-01-08,1150.0,1165.0,1125.0,1145.0,8164200
2025-01-07,1160.0,1160.0,1135.0,1155.0,11343500
2025-01-06,1180.0,1180.0,1150.0,1160.0,9904000
2025-01-03,1190.0,1200.0,1160.0,1185.0,7598200
2025-01-02,1145.0,1200.0,1145.0,1190.0,14632600
2024-12-30,1130.0,1140.0,1125.0,1140.0,5928800
2024-12-27,1130.0,1145.0,1130.0,1135.0,8187200
2024-12-24,1135.0,1150.0,1130.0,1130.0,7787300
2024-12-23,1140.0,1150.0,1130.0,1140.0,12581700
2024-12-20,1110.0,1125.0,1105.0,1125.0,10651000
2024-12-19,1135.0,1150.0,1105.0,1110.0,26931400
2024-12-18,1170.0,1190.0,1150.0,1155.0,24313900
2024-12-17,1200.0,1205.0,1165.0,1170.0,21107100
2024-12-16,1215.0,1220.0,1195.0,1200.0,15066400
2024-12-13,1225.0,1225.0,1200.0,1210.0,16015500
2024-12-12,1245.0,1250.0,1220.0,1230.0,16663100
2024-12-11,1235.0,1260.0,1230.0,1250.0,22065400
2024-12-10,1235.0,1240.0,1225.0,1235.0,15518100
2024-12-09,1210.0,1245.0,1210.0,1235.0,27441100
2024-12-06,1210.0,1220.0,1200.0,1210.0,22950900
2024-12-05,1230.0,1230.0,1205.0,1210.0,13817800
2024-12-04,1210.0,1245.0,1205.0,1220.0,37117700
2024-12-03,1230.0,1250.0,1200.0,1205.0,38599900
2024-12-02,1280.0,1285.0,1220.0,1220.0,15979400
2024-11-29,1285.0,1290.0,1260.0,1285.0,13080100
2024-11-28,1295.0,1295.0,1275.0,1290.0,16974400
2024-11-26,1305.0,1305.0,1275.0,1295.0,18729100
2024-11-25,1265.0,1335.0,1265.0,1290.0,38369000
2024-11-22,1260.0,1280.0,1250.0,1260.0,25077700
2024-11-21,1275.0,1275.0,1240.0,1245.0,25820700
2024-11-20,1290.0,1295.0,1265.0,1270.0,10593000
2024-11-19,1265.0,1295.0,1265.0,1280.0,8581600
2024-11-18,1290.0,1295.0,1260.0,1260.0,9682900
2024-11-15,1300.0,1305.0,1280.0,1290.0,6830100
2024-11-14,1330.0,1330.0,1300.0,1305.0,10510300
2024-11-13,1300.0,1345.0,1300.0,1330.0,19311200
2024-11-12,1295.0,1310.0,1280.0,1300.0,15095500
2024-11-11,1330.0,1330.0,1270.0,1295.0,28969000
2024-11-08,1345.0,1360.0,1305.0,1325.0,19016400
2024-11-07,1325.0,1360.0,1315.0,1340.0,25644200
2024-11-06,1380.0,1400.0,1315.0,1330.0,45253800
2024-11-05,1380.0,1390.0,1360.0,1370.0,25992100
2024-11-04,1415.0,1415.0,1365.0,1380.0,32796100
2024-11-01,1415.0,1415.0,1390.0,1415.0,12336600
2024-10-31,1405.0,1455.0,1400.0,1405.0,38857700
2024-10-30,1425.0,1425.0,1390.0,1405.0,23566400
2024-10-29,1450.0,1450.0,1425.0,1425.0,9926200
2024-10-28,1470.0,1470.0,1430.0,1450.0,14606100
2024-10-25,1505.0,1505.0,1460.0,1470.0,14898200
2024-10-24,1480.0,1505.0,1470.0,1495.0,20592200
2024-10-23,1470.0,1490.0,1460.0,1480.0,16406100
2024-10-22,1490.0,1490.0,1460.0,1470.0,22958600
2024-10-21,1510.0,1515.0,1485.0,1490.0,13809100
2024-10-18,1515.0,1515.0,1485.0,1500.0,21884700
2024-10-17,1505.0,1525.0,1500.0,1505.0,25849100
2024-10-16,1495.0,1525.0,1485.0,1500.0,72887700
2024-10-15,1490.0,1505.0,1480.0,1490.0,40905900
2024-10-14,1450.0,1485.0,1440.0,1480.0,39344900
2024-10-11,1400.0,1460.0,1400.0,1450.0,57485900
2024-10-10,1400.0,1400.0,1380.0,1390.0,7132300
2024-10-09,1415.0,1430.0,1390.0,1390.0,21579100
2024-10-08,1385.0,1430.0,1370.0,1410.0,37189100
2024-10-07,1365.0,1395.0,1350.0,1385.0,24354800
2024-10-04,1390.0,1395.0,1350.0,1365.0,26603000
2024-10-03,1410.0,1415.0,1375.0,1390.0,32696300
2024-10-02,1465.0,1465.0,1405.0,1415.0,33017100
2024-10-01,1450.0,1470.0,1435.0,1465.0,15570800
2024-09-30,1460.0,1460.0,1430.0,1450.0,16399600
2024-09-27,1465.0,1465.0,1435.0,1460.0,33465100
2024-09-26,1450.0,1470.0,1425.0,1465.0,33165200
2024-09-25,1495.0,1495.0,1425.0,1445.0,89349800
2024-09-24,1530.0,1530.0,1510.0,1515.0,33881600
2024-09-23,1530.0,1545.0,1515.0,1530.0,32668100
2024-09-20,1535.0,1540.0,1505.0,1530.0,51627300
2024-09-19,1500.0,1545.0,1490.0,1535.0,115224900
2024-09-18,1450.0,1495.0,1445.0,1485.0,70162900
2024-09-17,1430.0,1460.0,1430.0,1445.0,32685400
2024-09-13,1440.0,1440.0,1415.0,1430.0,22573300
2024-09-12,1445.0,1460.0,1435.0,1440.0,28954700
2024-09-11,1430.0,1460.0,1415.0,1445.0,50746100
2024-09-10,1410.0,1435.0,1400.0,1425.0,44240100
2024-09-09,1405.0,1425.0,1380.0,1400.0,26798200
2024-09-06,1405.0,1430.0,1395.0,1405.0,38675500
2024-09-05,1370.0,1410.0,1370.0,1405.0,37101000
2024-09-04,1360.0,1385.0,1360.0,1365.0,26326300
2024-09-03,1400.0,1405.0,1375.0,1385.0,21849300
2024-09-02,1410.0,1415.0,1390.0,1395.0,25419100
2024-08-30,1400.0,1410.0,1390.0,1410.0,28041200
2024-08-29,1420.0,1420.0,1390.0,1390.0,38064200
2024-08-28,1415.0,1425.0,1385.0,1420.0,45616800
2024-08-27,1435.0,1440.0,1390.0,1400.0,46632500
2024-08-26,1370.0,1440.0,1365.0,1435.0,98131200
2024-08-23,1325.0,1375.0,1325.0,1370.0,36112400
2024-08-22,1350.0,1350.0,1320.0,1320.0,27867900
2024-08-21,1375.0,1380.0,1350.0,1350.0,35065700
2024-08-20,1325.0,1370.0,1315.0,1365.0,63466500
2024-08-19,1315.0,1315.0,1295.0,1315.0,18102700
2024-08-16,1310.0,1315.0,1300.0,1305.0,10629900
2024-08-15,1310.0,1320.0,1290.0,1300.0,19501200
2024-08-14,1320.0,1330.0,1300.0,1305.0,22814400
2024-08-13,1280.0,1320.0,1275.0,1310.0,24621000
2024-08-12,1270.0,1280.0,1260.0,1280.0,7995700
2024-08-09,1270.0,1285.0,1265.0,1265.0,9489800
2024-08-08,1270.0,1275.0,1255.0,1260.0,13845800
2024-08-07,1275.0,1280.0,1260.0,1270.0,13266900
2024-08-06,1255.0,1275.0,1235.0,1275.0,23647200
2024-08-05,1310.0,1310.0,1235.0,1245.0,61184900
2024-08-02,1330.0,1340.0,1320.0,1320.0,14875500
2024-08-01,1325.0,1345.0,1320.0,1340.0,27408100
2024-07-31,1310.0,1330.0,1305.0,1315.0,30237800
2024-07-30,1320.0,1325.0,1300.0,1310.0,17048500
2024-07-29,1320.0,1325.0,1305.0,1310.0,17274400
2024-07-26,1325.0,1340.0,1300.0,1310.0,31796100
2024-07-25,1355.0,1355.0,1315.0,1325.0,19547800
2024-07-24,1360.0,1370.0,1335.0,1355.0,19806300
2024-07-23,1385.0,1385.0,1350.0,1360.0,16641200
2024-07-22,1370.0,1390.0,1355.0,1370.0,19685100
2024-07-19,1390.0,1395.0,1355.0,1370.0,22374600
2024-07-18,1410.0,1415.0,1380.0,1390.0,38189900
2024-07-17,1380.0,1415.0,1375.0,1415.0,45039100
2024-07-16,1375.0,1385.0,1365.0,1380.0,31340200
2024-07-15,1365.0,1365.0,1345.0,1360.0,23847500
2024-07-12,1310.0,1370.0,1310.0,1360.0,70288300
2024-07-11,1290.0,1295.0,1275.0,1295.0,11378900
2024-07-10,1295.0,1320.0,1285.0,1285.0,13364300
2024-07-09,1310.0,1325.0,1295.0,1295.0,23764100
2024-07-08,1280.0,1310.0,1260.0,1310.0,27024600
2024-07-05,1290.0,1310.0,1275.0,1280.0,21637900
2024-07-04,1265.0,1295.0,1260.0,1285.0,26524700
2024-07-03,1280.0,1285.0,1255.0,1265.0,9618600
2024-07-02,1275.0,1285.0,1270.0,1275.0,13158600
2024-07-01,1270.0,1290.0,1265.0,1275.0,17987200
2024-06-28,1260.0,1290.0,1260.0,1265.0,20656800
2024-06-27,1255.0,1270.0,1245.0,1260.0,11387900
2024-06-26,1240.0,1255.0,1235.0,1245.0,7606300
2024-06-25,1240.0,1250.0,1225.0,1240.0,7950600
2024-06-24,1255.0,1265.0,1240.0,1240.0,13429700
2024-06-21,1235.0,1265.0,1220.0,1250.0,22023600
2024-06-20,1175.0,1235.0,1175.0,1230.0,33350200
2024-06-19,1205.0,1225.0,1175.0,1175.0,32257200
2024-06-14,1240.0,1240.0,1205.0,1205.0,13993500
2024-06-13,1245.0,1250.0,1230.0,1240.0,21280600
2024-06-12,1210.0,1225.0,1205.0,1225.0,12852700
2024-06-11,1240.0,1245.0,1215.0,1220.0,11482500
2024-06-10,1245.0,1255.0,1225.0,1235.0,13416800
2024-06-07,1275.0,1280.0,1245.0,1245.0,21779900
2024-06-06,1280.0,1290.0,1260.0,1290.0,20729000
2024-06-05,1270.0,1280.0,1250.0,1270.0,25041400
2024-06-04,1275.0,1290.0,1265.0,1265.0,33599700
2024-06-03,1235.0,1275.0,1225.0,1265.0,26837700
2024-05-31,1240.0,1250.0,1225.0,1225.0,37501300
2024-05-30,1265.0,1265.0,1215.0,1235.0,30772700
2024-05-29,1250.0,1265.0,1230.0,1260.0,26417400
2024-05-28,1210.0,1255.0,1210.0,1250.0,30108400
2024-05-27,1235.0,1240.0,1200.0,1200.0,34436900
2024-05-22,1240.0,1255.0,1230.0,1235.0,22633100
2024-05-21,1265.0,1280.0,1225.0,1240.0,29197900
2024-05-20,1300.0,1320.0,1265.0,1270.0,23408300
2024-05-17,1275.0,1325.0,1260.0,1300.0,34890800
2024-05-16,1290.0,1305.0,1270.0,1275.0,29298000
2024-05-15,1240.0,1285.0,1235.0,1275.0,33981100
2024-05-14,1245.0,1260.0,1230.0,1240.0,19397400
2024-05-13,1220.0,1250.0,1215.0,1240.0,27680800
2024-05-08,1270.0,1280.0,1220.0,1225.0,52119300
2024-05-07,1285.0,1295.0,1265.0,1270.0,15220800
2024-05-06,1280.0,1300.0,1270.0,1290.0,23547400
2024-05-03,1280.0,1290.0,1260.0,1265.0,20074400
2024-05-02,1305.0,1310.0,1265.0,1280.0,28220300
2024-04-30,1310.0,1340.0,1295.0,1320.0,33227500
2024-04-29,1285.0,1310.0,1265.0,1310.0,49891300
2024-04-26,1360.0,1365.0,1280.0,1290.0,85302300
2024-04-25,1375.0,1375.0,1340.0,1350.0,29692900
2024-04-24,1380.0,1415.0,1370.0,1375.0,55140300
2024-04-23,1370.0,1395.0,1355.0,1370.0,29441100
2024-04-22,1380.0,1390.0,1330.0,1360.0,36392600
2024-04-19,1400.0,1400.0,1350.0,1375.0,50946500
2024-04-18,1385.0,1420.0,1380.0,1420.0,41495800
2024-04-17,1405.0,1425.0,1365.0,1375.0,67115200
2024-04-16,1445.0,1470.0,1390.0,1400.0,114716500
2024-04-05,1515.0,1525.0,1495.0,1500.0,26906100
2024-04-04,1465.0,1530.0,1460.0,1515.0,66510000
2024-04-03,1470.0,1475.0,1450.0,1465.0,36682500
2024-04-02,1490.0,1500.0,1430.0,1475.0,99865700
2024-04-01,1555.0,1555.0,1435.0,1490.0,138819700
2024-03-28,1595.0,1595.0,1535.0,1555.0,43278200
2024-03-27,1590.0,1610.0,1570.0,1595.0,56030000
2024-03-26,1610.0,1610.0,1560.0,1600.0,86123300
2024-03-25,1590.0,1590.0,1520.0,1585.0,97619900
2024-03-22,1425.0,1570.0,1410.0,1560.0,218608600
2024-03-21,1380.0,1460.0,1375.0,1425.0,111976900
2024-03-20,1345.0,1370.0,1335.0,1365.0,24944600
2024-03-19,1330.0,1360.0,1320.0,1345.0,30806900
2024-03-18,1395.0,1400.0,1365.0,1365.0,39741700
2024-03-15,1425.0,1430.0,1395.0,1395.0,60084100
2024-03-14,1385.0,1430.0,1380.0,1425.0,65310000
2024-03-13,1385.0,1405.0,1365.0,1380.0,39976000
2024-03-08,1370.0,1385.0,1360.0,1380.0,31098900
2024-03-07,1390.0,1390.0,1365.0,1365.0,27127200
2024-03-06,1360.0,1390.0,1355.0,1385.0,41312300
2024-03-05,1410.0,1420.0,1345.0,1350.0,111696100
2024-03-04,1445.0,1445.0,1400.0,1410.0,42691800
2024-03-01,1425.0,1455.0,1420.0,1440.0,31758200
2024-02-29,1455.0,1465.0,1425.0,1430.0,31163300
2024-02-28,1455.0,1465.0,1435.0,1455.0,25165600
2024-02-27,1455.0,1480.0,1440.0,1450.0,31630000
2024-02-26,1460.0,1465.0,1435.0,1460.0,22804100
2024-02-23,1485.0,1485.0,1420.0,1460.0,83249900
2024-02-22,1480.0,1500.0,1460.0,1485.0,79653900
2024-02-21,1460.0,1485.0,1440.0,1475.0,95834900
2024-02-20,1355.0,1460.0,1350.0,1460.0,162716100
2024-02-19,1365.0,1375.0,1340.0,1350.0,31298800
2024-02-16,1390.0,1405.0,1355.0,1365.0,47138800
2024-02-15,1375.0,1410.0,1360.0,1385.0,107323500
2024-02-13,1360.0,1375.0,1335.0,1345.0,35366700
2024-02-12,1275.0,1370.0,1270.0,1360.0,90087700
2024-02-07,1260.0,1275.0,1250.0,1255.0,24323400
2024-02-06,1275.0,1280.0,1255.0,1260.0,13277700
2024-02-05,1280.0,1285.0,1260.0,1270.0,22453300
2024-02-02,1295.0,1305.0,1275.0,1280.0,18959200
2024-02-01,1300.0,1305.0,1290.0,1295.0,19645200
2024-01-31,1300.0,1320.0,1295.0,1305.0,22739900
2024-01-30,1310.0,1310.0,1290.0,1295.0,23658600
2024-01-29,1285.0,1310.0,1280.0,1310.0,14744100
2024-01-26,1290.0,1290.0,1270.0,1285.0,12158100
2024-01-25,1290.0,1310.0,1280.0,1290.0,20418600
2024-01-24,1330.0,1335.0,1280.0,1290.0,51088200
2024-01-23,1375.0,1375.0,1320.0,1330.0,30784600
2024-01-22,1355.0,1385.0,1350.0,1375.0,50723000
2024-01-19,1335.0,1370.0,1335.0,1355.0,43778700
2024-01-18,1340.0,1350.0,1325.0,1335.0,16203500
2024-01-17,1325.0,1345.0,1325.0,1335.0,23833300
2024-01-16,1360.0,1360.0,1325.0,1325.0,33671300
2024-01-15,1350.0,1360.0,1330.0,1355.0,31625800
2024-01-12,1365.0,1375.0,1345.0,1350.0,38989300
2024-01-11,1335.0,1360.0,1325.0,1360.0,30546800
2024-01-10,1335.0,1350.0,1320.0,1335.0,37578100
2024-01-09,1295.0,1330.0,1285.0,1330.0,72285300
2024-01-08,1295.0,1320.0,1285.0,1285.0,29209000
2024-01-05,1295.0,1315.0,1290.0,1295.0,56421700
2024-01-04,1255.0,1300.0,1255.0,1295.0,46643300
2024-01-03,1260.0,1265.0,1240.0,1255.0,8177200
2024-01-02,1250.0,1270.0,1235.0,1265.0,18356000
2023-12-29,1260.0,1260.0,1240.0,1250.0,10717300
2023-12-28,1215.0,1260.0,1210.0,1245.0,23858500
2023-12-27,1210.0,1215.0,1200.0,1210.0,15806500
2023-12-22,1215.0,1220.0,1205.0,1205.0,14894600
2023-12-21,1220.0,1250.0,1205.0,1215.0,17570600
2023-12-20,1230.0,1235.0,1210.0,1220.0,18767500
2023-12-19,1220.0,1230.0,1220.0,1230.0,2866000
2023-12-18,1235.0,1235.0,1215.0,1220.0,8122300
2023-12-15,1230.0,1240.0,1220.0,1230.0,7070600
2023-12-14,1210.0,1235.0,1210.0,1225.0,15351100
2023-12-13,1205.0,1210.0,1195.0,1195.0,9472900
2023-12-12,1220.0,1220.0,1200.0,1205.0,8649300
2023-12-11,1220.0,1225.0,1205.0,1210.0,11109600
2023-12-08,1220.0,1230.0,1210.0,1220.0,18702700
2023-12-07,1260.0,1265.0,1225.0,1225.0,22094100
2023-12-06,1285.0,1285.0,1260.0,1265.0,8324200
2023-12-05,1290.0,1290.0,1275.0,1285.0,11062900
2023-12-04,1275.0,1290.0,1270.0,1290.0,13555100
2023-12-01,1295.0,1300.0,1265.0,1270.0,18840100
2023-11-30,1280.0,1295.0,1270.0,1295.0,17928400
2023-11-29,1300.0,1300.0,1270.0,1280.0,12237200
2023-11-28,1295.0,1305.0,1290.0,1295.0,26158700
2023-11-27,1265.0,1295.0,1265.0,1290.0,24245600
2023-11-24,1270.0,1275.0,1255.0,1265.0,8163700
2023-11-23,1260.0,1280.0,1260.0,1270.0,9032800
2023-11-22,1255.0,1265.0,1250.0,1260.0,10704200
2023-11-21,1285.0,1285.0,1250.0,1260.0,11512900
2023-11-20,1295.0,1300.0,1275.0,1285.0,13146000
2023-11-17,1240.0,1295.0,1240.0,1290.0,45268800
2023-11-16,1245.0,1250.0,1235.0,1245.0,5074500
2023-11-15,1245.0,1260.0,1225.0,1245.0,27722600
2023-11-14,1210.0,1215.0,1205.0,1205.0,2788200
2023-11-13,1210.0,1220.0,1200.0,1210.0,5031900
2023-11-10,1215.0,1220.0,1205.0,1215.0,5973800
2023-11-09,1205.0,1220.0,1205.0,1210.0,4511000
2023-11-08,1210.0,1215.0,1200.0,1210.0,7750200
2023-11-07,1220.0,1225.0,1205.0,1210.0,8227700
2023-11-06,1210.0,1225.0,1200.0,1215.0,10759300
2023-11-03,1210.0,1215.0,1195.0,1200.0,10516900
2023-11-02,1195.0,1230.0,1195.0,1205.0,10661600
2023-11-01,1225.0,1225.0,1185.0,1195.0,8955300
2023-10-31,1210.0,1225.0,1195.0,1225.0,7473700
2023-10-30,1205.0,1215.0,1195.0,1215.0,5511800
2023-10-27,1195.0,1215.0,1190.0,1205.0,7685100
2023-10-26,1220.0,1225.0,1185.0,1195.0,12488200
2023-10-25,1225.0,1240.0,1220.0,1220.0,7738500
2023-10-24,1190.0,1235.0,1180.0,1225.0,9378600
2023-10-23,1200.0,1210.0,1180.0,1190.0,12666200
2023-10-20,1200.0,1220.0,1200.0,1210.0,11902500
2023-10-19,1225.0,1230.0,1205.0,1210.0,17673100
2023-10-18,1235.0,1240.0,1220.0,1225.0,4446200
2023-10-17,1235.0,1245.0,1225.0,1235.0,5338000
2023-10-16,1240.0,1245.0,1230.0,1235.0,6486300
2023-10-13,1245.0,1255.0,1235.0,1245.0,7336100
2023-10-12,1240.0,1260.0,1240.0,1245.0,6895000
2023-10-11,1250.0,1255.0,1240.0,1240.0,6198500
2023-10-10,1255.0,1260.0,1245.0,1250.0,8401500
2023-10-09,1255.0,1265.0,1245.0,1255.0,9371200
2023-10-06,1250.0,1265.0,1245.0,1255.0,11251100
2023-10-05,1250.0,1260.0,1240.0,1245.0,11212000
2023-10-04,1265.0,1265.0,1235.0,1250.0,24373900
2023-10-03,1245.0,1265.0,1235.0,1260.0,23001400
2023-10-02,1220.0,1245.0,1220.0,1240.0,12355800
2023-09-29,1225.0,1230.0,1215.0,1220.0,9699900
2023-09-27,1220.0,1230.0,1215.0,1225.0,12320300
2023-09-26,1230.0,1240.0,1225.0,1225.0,7522900
2023-09-25,1235.0,1245.0,1230.0,1230.0,13111900
2023-09-22,1230.0,1240.0,1225.0,1230.0,6863900
2023-09-21,1240.0,1240.0,1225.0,1230.0,6514200
2023-09-20,1235.0,1250.0,1235.0,1235.0,12717200
2023-09-19,1215.0,1245.0,1215.0,1235.0,6969800
2023-09-18,1215.0,1230.0,1215.0,1220.0,10190500
2023-09-15,1230.0,1235.0,1220.0,1220.0,19947100
2023-09-14,1240.0,1245.0,1230.0,1230.0,7105400
2023-09-13,1240.0,1250.0,1230.0,1240.0,10352700
2023-09-12,1240.0,1245.0,1235.0,1240.0,5488500
2023-09-11,1250.0,1250.0,1235.0,1245.0,11395600
2023-09-08,1240.0,1250.0,1235.0,1250.0,11824400
2023-09-07,1245.0,1250.0,1230.0,1240.0,20487500
2023-09-06,1250.0,1260.0,1240.0,1245.0,16720900
2023-09-05,1255.0,1260.0,1240.0,1250.0,17720100
2023-09-04,1250.0,1260.0,1250.0,1255.0,8835100
2023-09-01,1255.0,1265.0,1250.0,1250.0,10725700
2023-08-31,1275.0,1280.0,1255.0,1255.0,19996700
2023-08-30,1270.0,1285.0,1270.0,1270.0,12816600
2023-08-29,1275.0,1280.0,1265.0,1270.0,9169400
2023-08-28,1270.0,1285.0,1270.0,1275.0,8376400
2023-08-25,1280.0,1285.0,1265.0,1265.0,12999800
2023-08-24,1270.0,1285.0,1270.0,1275.0,9029000
2023-08-23,1270.0,1275.0,1265.0,1270.0,11962500
2023-08-22,1280.0,1285.0,1265.0,1270.0,24924400
2023-08-21,1295.0,1295.0,1280.0,1280.0,21016700
2023-08-18,1300.0,1300.0,1290.0,1295.0,10551900
2023-08-16,1300.0,1300.0,1290.0,1300.0,7136100
2023-08-15,1300.0,1310.0,1295.0,1300.0,17726600
2023-08-14,1300.0,1300.0,1285.0,1300.0,13956700
2023-08-11,1295.0,1300.0,1290.0,1295.0,9014700
2023-08-10,1305.0,1305.0,1290.0,1295.0,13524000
2023-08-09,1305.0,1310.0,1295.0,1305.0,17824900
2023-08-08,1315.0,1315.0,1300.0,1305.0,9129000
2023-08-07,1295.0,1315.0,1290.0,1310.0,18107700
2023-08-04,1295.0,1305.0,1285.0,1290.0,9191300
2023-08-03,1285.0,1300.0,1280.0,1295.0,11941400
2023-08-02,1300.0,1300.0,1280.0,1290.0,24768500
2023-08-01,1315.0,1315.0,1295.0,1300.0,15558800
2023-07-31,1300.0,1320.0,1300.0,1315.0,15298400
2023-07-28,1305.0,1310.0,1280.0,1300.0,31425400
2023-07-27,1320.0,1325.0,1310.0,1310.0,15867300
2023-07-26,1315.0,1325.0,1305.0,1315.0,18796400
2023-07-25,1330.0,1335.0,1305.0,1310.0,50924000
2023-07-24,1350.0,1350.0,1315.0,1325.0,94272500
2023-07-21,1360.0,1365.0,1330.0,1360.0,55501500
2023-07-20,1370.0,1375.0,1360.0,1370.0,22632200
2023-07-18,1365.0,1395.0,1355.0,1370.0,43797500
2023-07-17,1320.0,1385.0,1320.0,1365.0,118676200
2023-07-14,1320.0,1325.0,1310.0,1320.0,17915500
2023-07-13,1315.0,1320.0,1305.0,1320.0,16463500
2023-07-12,1325.0,1330.0,1305.0,1305.0,35286200
2023-07-11,1310.0,1325.0,1305.0,1325.0,16759000
2023-07-10,1310.0,1320.0,1305.0,1310.0,12659100
2023-07-07,1320.0,1320.0,1300.0,1310.0,19889500
2023-07-06,1305.0,1320.0,1295.0,1320.0,27457900
2023-07-05,1315.0,1330.0,1295.0,1305.0,33063000
2023-07-04,1320.0,1325.0,1315.0,1315.0,19876600
2023-07-03,1320.0,1330.0,1305.0,1315.0,26903600
2023-06-27,1315.0,1335.0,1310.0,1320.0,25186800
2023-06-26,1330.0,1330.0,1305.0,1315.0,13496300
2023-06-23,1340.0,1340.0,1320.0,1330.0,17046600
2023-06-22,1345.0,1350.0,1325.0,1330.0,35978400
2023-06-21,1310.0,1340.0,1305.0,1340.0,65630100
2023-06-20,1300.0,1310.0,1295.0,1300.0,16977500
2023-06-19,1280.0,1305.0,1270.0,1300.0,34998600
2023-06-16,1280.0,1280.0,1265.0,1280.0,16401400
2023-06-15,1260.0,1280.0,1250.0,1280.0,20866200
2023-06-14,1270.0,1280.0,1255.0,1260.0,26537000
2023-06-13,1310.0,1315.0,1265.0,1270.0,36874200
2023-06-12,1305.0,1310.0,1280.0,1310.0,24541800
2023-06-09,1315.0,1320.0,1290.0,1300.0,13335000
2023-06-08,1315.0,1320.0,1295.0,1305.0,17533200
2023-06-07,1305.0,1320.0,1305.0,1315.0,22158200
2023-06-06,1275.0,1320.0,1265.0,1315.0,63340400
2023-06-05,1280.0,1280.0,1245.0,1275.0,30234200
2023-05-31,1245.0,1280.0,1235.0,1280.0,42089100
2023-05-30,1235.0,1255.0,1225.0,1245.0,17964600
2023-05-29,1225.0,1240.0,1215.0,1230.0,24051800
2023-05-26,1255.0,1260.0,1220.0,1225.0,62438100
2023-05-25,1280.0,1295.0,1255.0,1260.0,43177700
2023-05-24,1275.0,1285.0,1260.0,1280.0,20985000
2023-05-23,1310.0,1340.0,1275.0,1280.0,60293300
2023-05-22,1320.0,1330.0,1305.0,1310.0,25664200
2023-05-19,1295.0,1330.0,1290.0,1320.0,44975800
2023-05-17,1295.0,1320.0,1275.0,1290.0,19695200
2023-05-16,1335.0,1340.0,1295.0,1295.0,27808500
2023-05-15,1325.0,1340.0,1310.0,1335.0,61948600
2023-05-12,1290.0,1325.0,1290.0,1325.0,49706600
2023-05-11,1285.0,1295.0,1270.0,1290.0,20556900
2023-05-10,1300.0,1320.0,1285.0,1285.0,58211100
2023-05-09,1220.0,1300.0,1220.0,1295.0,94313800
2023-05-08,1220.0,1235.0,1210.0,1215.0,16887800
2023-05-05,1230.0,1230.0,1210.0,1220.0,13639100
2023-05-04,1225.0,1240.0,1210.0,1230.0,13057600
2023-05-03,1250.0,1250.0,1220.0,1225.0,14078600
2023-05-02,1245.0,1260.0,1240.0,1250.0,14804300
2023-04-28,1250.0,1255.0,1240.0,1245.0,24053900
2023-04-27,1260.0,1265.0,1245.0,1250.0,19383000
2023-04-26,1250.0,1265.0,1240.0,1260.0,16033500
2023-04-18,1255.0,1275.0,1245.0,1250.0,19079300
2023-04-17,1270.0,1270.0,1250.0,1255.0,13147200
2023-04-14,1300.0,1300.0,1265.0,1265.0,30818900
2023-04-13,1260.0,1275.0,1255.0,1270.0,23866200
2023-04-12,1245.0,1265.0,1240.0,1255.0,21040900
2023-04-11,1240.0,1260.0,1235.0,1235.0,9764200
2023-04-10,1235.0,1245.0,1230.0,1240.0,23755500
2023-04-06,1240.0,1255.0,1230.0,1235.0,19247500
2023-04-05,1215.0,1260.0,1215.0,1230.0,27563000
2023-04-04,1225.0,1235.0,1215.0,1215.0,11780900
2023-04-03,1230.0,1240.0,1220.0,1225.0,15201000
2023-03-31,1245.0,1250.0,1220.0,1225.0,12777500
2023-03-30,1240.0,1255.0,1235.0,1240.0,15093500
2023-03-29,1225.0,1240.0,1215.0,1240.0,23395900
2023-03-28,1270.0,1280.0,1255.0,1260.0,42101000
2023-03-27,1295.0,1300.0,1265.0,1265.0,28529900
2023-03-24,1225.0,1295.0,1220.0,1280.0,38613000
2023-03-21,1205.0,1230.0,1205.0,1215.0,11830100
2023-03-20,1230.0,1235.0,1200.0,1200.0,16205900
2023-03-17,1195.0,1245.0,1190.0,1235.0,33635700
2023-03-16,1175.0,1185.0,1150.0,1180.0,26509300
2023-03-15,1205.0,1225.0,1170.0,1175.0,37853700
2023-03-14,1240.0,1240.0,1190.0,1195.0,59814500
2023-03-13,1275.0,1275.0,1240.0,1245.0,22166700
2023-03-10,1280.0,1280.0,1260.0,1275.0,12139900
2023-03-09,1265.0,1295.0,1265.0,1285.0,10811200
2023-03-08,1275.0,1275.0,1255.0,1265.0,15446800
2023-03-07,1280.0,1295.0,1270.0,1275.0,19872200
2023-03-06,1310.0,1320.0,1280.0,1280.0,36751200
2023-03-03,1330.0,1330.0,1305.0,1310.0,27166900
2023-03-02,1335.0,1335.0,1320.0,1320.0,14051600
2023-03-01,1330.0,1340.0,1325.0,1325.0,8424100
2023-02-28,1335.0,1340.0,1325.0,1325.0,19998700
2023-02-27,1350.0,1350.0,1330.0,1335.0,12917600
2023-02-24,1350.0,1360.0,1335.0,1340.0,8777200
2023-02-23,1335.0,1350.0,1330.0,1350.0,12164800
2023-02-22,1340.0,1345.0,1320.0,1335.0,18969500
2023-02-21,1355.0,1360.0,1340.0,1340.0,12611000
2023-02-20,1365.0,1380.0,1350.0,1355.0,23534100
2023-02-17,1360.0,1380.0,1350.0,1370.0,43659300
2023-02-16,1350.0,1360.0,1340.0,1350.0,25681000
2023-02-15,1365.0,1375.0,1330.0,1335.0,53452800
2023-02-14,1370.0,1380.0,1365.0,1365.0,16895700
2023-02-13,1375.0,1390.0,1365.0,1375.0,16973800
2023-02-10,1375.0,1385.0,1360.0,1380.0,24165700
2023-02-09,1385.0,1410.0,1365.0,1370.0,59731200
2023-02-08,1385.0,1405.0,1375.0,1385.0,40207600
2023-02-07,1365.0,1390.0,1355.0,1370.0,44935200
2023-02-06,1385.0,1395.0,1360.0,1365.0,25586200
2023-02-03,1350.0,1390.0,1350.0,1385.0,34340700
2023-02-02,1370.0,1375.0,1350.0,1350.0,27858300
2023-02-01,1360.0,1385.0,1360.0,1365.0,27349100
2023-01-31,1380.0,1390.0,1360.0,1360.0,22481900
2023-01-30,1400.0,1410.0,1375.0,1380.0,17631100
2023-01-27,1390.0,1425.0,1375.0,1400.0,64109500
2023-01-26,1385.0,1395.0,1370.0,1380.0,36604400
2023-01-25,1340.0,1390.0,1340.0,1385.0,66118200
2023-01-24,1315.0,1350.0,1315.0,1340.0,67149700
2023-01-20,1310.0,1325.0,1305.0,1315.0,32632600
2023-01-19,1280.0,1315.0,1275.0,1310.0,41311100
2023-01-18,1280.0,1290.0,1265.0,1280.0,22360900
2023-01-17,1275.0,1295.0,1265.0,1275.0,35520000
2023-01-16,1250.0,1270.0,1230.0,1270.0,35595900
2023-01-13,1255.0,1260.0,1225.0,1240.0,25839700
2023-01-12,1240.0,1270.0,1235.0,1250.0,63107300
2023-01-11,1240.0,1245.0,1210.0,1230.0,57353600
2023-01-10,1330.0,1330.0,1240.0,1245.0,161350900
2023-01-09,1345.0,1360.0,1320.0,1330.0,52578300
2023-01-06,1310.0,1345.0,1300.0,1340.0,62874100
2023-01-05,1315.0,1325.0,1295.0,1310.0,103335100
2023-01-04,1310.0,1340.0,1305.0,1320.0,96459000
2023-01-03,1335.0,1335.0,1300.0,1320.0,67151100
2023-01-02,1345.0,1355.0,1330.0,1335.0,26443200
2022-12-30,1340.0,1375.0,1335.0,1350.0,38108600
2022-12-29,1330.0,1360.0,1325.0,1350.0,27404400
2022-12-28,1410.0,1415.0,1340.0,1355.0,41476000
2022-12-27,1380.0,1430.0,1380.0,1410.0,22268800
2022-12-26,1345.0,1375.0,1345.0,1375.0,9854700
2022-12-23,1355.0,1375.0,1335.0,1345.0,17067900
2022-12-22,1248.2064208984375,1257.0904541015625,1239.3223876953125,1248.2064208984375,34794563
2022-12-21,1230.4383544921875,1243.764404296875,1221.5543212890625,1239.3223876953125,27598956
2022-12-20,1212.6702880859375,1230.4383544921875,1212.6702880859375,1225.996337890625,8093510
2022-12-19,1212.6702880859375,1225.996337890625,1208.228271484375,1212.6702880859375,12377938
2022-12-16,1225.996337890625,1225.996337890625,1203.7862548828125,1212.6702880859375,19309814
2022-12-15,1239.3223876953125,1248.2064208984375,1225.996337890625,1234.88037109375,13318953
2022-12-14,1243.764404296875,1252.6484375,1230.4383544921875,1239.3223876953125,9398098
2022-12-13,1230.4383544921875,1248.2064208984375,1230.4383544921875,1243.764404296875,18270196
2022-12-12,1208.228271484375,1234.88037109375,1199.34423828125,1230.4383544921875,14048801
2022-12-09,1243.764404296875,1252.6484375,1194.9022216796875,1208.228271484375,28575877
2022-12-08,1239.3223876953125,1261.532470703125,1225.996337890625,1243.764404296875,20037749
2022-12-07,1257.0904541015625,1265.9744873046875,1239.3223876953125,1239.3223876953125,12619495
2022-12-06,1292.6265869140625,1310.3946533203125,1252.6484375,1257.0904541015625,37189309
2022-12-05,1341.48876953125,1368.140869140625,1292.6265869140625,1292.6265869140625,36489964
2022-12-02,1368.140869140625,1372.5828857421875,1345.9307861328125,1345.9307861328125,16213134
2022-12-01,1372.5828857421875,1390.3509521484375,1368.140869140625,1368.140869140625,28098054
2022-11-30,1354.8148193359375,1377.02490234375,1354.8148193359375,1363.6988525390625,45432638
2022-11-29,1363.6988525390625,1368.140869140625,1354.8148193359375,1354.8148193359375,10123782
2022-11-28,1345.9307861328125,1363.6988525390625,1341.48876953125,1359.2568359375,9108477
2022-11-25,1350.372802734375,1354.8148193359375,1337.0467529296875,1354.8148193359375,9042628
2022-11-24,1345.9307861328125,1363.6988525390625,1345.9307861328125,1350.372802734375,4546584
2022-11-23,1354.8148193359375,1354.8148193359375,1341.48876953125,1341.48876953125,4910383
2022-11-22,1341.48876953125,1354.8148193359375,1341.48876953125,1350.372802734375,5287801
2022-11-21,1345.9307861328125,1359.2568359375,1341.48876953125,1341.48876953125,6361863
2022-11-18,1341.48876953125,1354.8148193359375,1341.48876953125,1345.9307861328125,4399241
2022-11-17,1345.9307861328125,1350.372802734375,1323.720703125,1341.48876953125,7961025
2022-11-16,1354.8148193359375,1363.6988525390625,1337.0467529296875,1345.9307861328125,7992655
2022-11-15,1363.6988525390625,1363.6988525390625,1354.8148193359375,1354.8148193359375,4443027
2022-11-14,1372.5828857421875,1377.02490234375,1354.8148193359375,1363.6988525390625,8994452
2022-11-11,1363.6988525390625,1368.140869140625,1354.8148193359375,1363.6988525390625,13377485
2022-11-10,1354.8148193359375,1354.8148193359375,1341.48876953125,1354.8148193359375,7495470
2022-11-09,1354.8148193359375,1363.6988525390625,1345.9307861328125,1354.8148193359375,6576181
2022-11-08,1368.140869140625,1372.5828857421875,1354.8148193359375,1354.8148193359375,6737931
2022-11-07,1363.6988525390625,1368.140869140625,1354.8148193359375,1363.6988525390625,6428050
2022-11-04,1354.8148193359375,1363.6988525390625,1341.48876953125,1363.6988525390625,8304562
2022-11-03,1363.6988525390625,1363.6988525390625,1345.9307861328125,1354.8148193359375,7314359
2022-11-02,1372.5828857421875,1372.5828857421875,1354.8148193359375,1363.6988525390625,14827052
2022-11-01,1359.2568359375,1377.02490234375,1359.2568359375,1372.5828857421875,11070199
2022-10-31,1377.02490234375,1377.02490234375,1363.6988525390625,1372.5828857421875,19675188
2022-10-28,1385.908935546875,1394.79296875,1363.6988525390625,1368.140869140625,17598541
2022-10-27,1377.02490234375,1390.3509521484375,1363.6988525390625,1377.02490234375,29322723
2022-10-26,1363.6988525390625,1368.140869140625,1345.9307861328125,1363.6988525390625,13372194
2022-10-25,1372.5828857421875,1381.4669189453125,1350.372802734375,1354.8148193359375,18715151
2022-10-24,1341.48876953125,1372.5828857421875,1341.48876953125,1363.6988525390625,25300337
2022-10-21,1359.2568359375,1359.2568359375,1332.604736328125,1332.604736328125,11094512
2022-10-20,1297.068603515625,1363.6988525390625,1288.1845703125,1363.6988525390625,31780616
2022-10-19,1314.836669921875,1314.836669921875,1292.6265869140625,1297.068603515625,9161268
2022-10-18,1323.720703125,1332.604736328125,1301.5106201171875,1310.3946533203125,9620744
2022-10-17,1305.95263671875,1314.836669921875,1288.1845703125,1314.836669921875,9765386
2022-10-14,1314.836669921875,1328.1627197265625,1305.95263671875,1305.95263671875,6683789
2022-10-13,1301.5106201171875,1310.3946533203125,1297.068603515625,1305.95263671875,7146867
2022-10-12,1319.2786865234375,1323.720703125,1288.1845703125,1301.5106201171875,10473398
2022-10-11,1328.1627197265625,1332.604736328125,1314.836669921875,1319.2786865234375,5772266
2022-10-10,1328.1627197265625,1332.604736328125,1314.836669921875,1328.1627197265625,12586177
2022-10-07,1292.6265869140625,1341.48876953125,1288.1845703125,1328.1627197265625,17453562
2022-10-06,1310.3946533203125,1319.2786865234375,1288.1845703125,1288.1845703125,11350927
2022-10-05,1341.48876953125,1341.48876953125,1305.95263671875,1310.3946533203125,20189032
2022-10-04,1323.720703125,1332.604736328125,1319.2786865234375,1332.604736328125,16850795
2022-10-03,1319.2786865234375,1328.1627197265625,1301.5106201171875,1314.836669921875,8925677
2022-09-30,1301.5106201171875,1328.1627197265625,1270.41650390625,1319.2786865234375,23594355
2022-09-29,1337.0467529296875,1350.372802734375,1288.1845703125,1301.5106201171875,33231196
2022-09-28,1341.48876953125,1354.8148193359375,1337.0467529296875,1337.0467529296875,17024815
2022-09-27,1377.02490234375,1377.02490234375,1341.48876953125,1345.9307861328125,23002507
2022-09-26,1372.5828857421875,1377.02490234375,1345.9307861328125,1377.02490234375,24103808
2022-09-23,1390.3509521484375,1399.2349853515625,1368.140869140625,1385.908935546875,15098888
2022-09-22,1377.02490234375,1390.3509521484375,1372.5828857421875,1390.3509521484375,7365574
2022-09-21,1399.2349853515625,1399.2349853515625,1368.140869140625,1385.908935546875,23677651
2022-09-20,1408.1190185546875,1412.56103515625,1390.3509521484375,1399.2349853515625,13971584
2022-09-19,1399.2349853515625,1408.1190185546875,1377.02490234375,1399.2349853515625,28738303
2022-09-16,1434.7711181640625,1434.7711181640625,1394.79296875,1399.2349853515625,51209858
2022-09-15,1381.4669189453125,1443.6551513671875,1381.4669189453125,1425.8870849609375,85532789
2022-09-14,1359.2568359375,1368.140869140625,1345.9307861328125,1363.6988525390625,18702544
2022-09-13,1359.2568359375,1377.02490234375,1359.2568359375,1368.140869140625,26301910
2022-09-12,1390.3509521484375,1403.677001953125,1359.2568359375,1363.6988525390625,31308983
2022-09-09,1408.1190185546875,1417.0030517578125,1390.3509521484375,1394.79296875,16221126
2022-09-08,1372.5828857421875,1412.56103515625,1372.5828857421875,1403.677001953125,28386098
2022-09-07,1381.4669189453125,1381.4669189453125,1368.140869140625,1368.140869140625,15971239
2022-09-06,1399.2349853515625,1403.677001953125,1377.02490234375,1381.4669189453125,16868917
2022-09-05,1363.6988525390625,1394.79296875,1363.6988525390625,1394.79296875,24195659
2022-09-02,1377.02490234375,1377.02490234375,1363.6988525390625,1372.5828857421875,13386827
2022-09-01,1341.48876953125,1381.4669189453125,1341.48876953125,1372.5828857421875,18615985
2022-08-31,1337.0467529296875,1354.8148193359375,1337.0467529296875,1337.0467529296875,21326128
2022-08-30,1341.48876953125,1354.8148193359375,1332.604736328125,1341.48876953125,19865417
2022-08-29,1350.372802734375,1359.2568359375,1332.604736328125,1341.48876953125,9656539
2022-08-26,1368.140869140625,1368.140869140625,1350.372802734375,1350.372802734375,4590145
2022-08-25,1341.48876953125,1368.140869140625,1341.48876953125,1350.372802734375,6965306
2022-08-24,1354.8148193359375,1377.02490234375,1341.48876953125,1341.48876953125,16926774
2022-08-23,1323.720703125,1359.2568359375,1319.2786865234375,1350.372802734375,18560042
2022-08-22,1345.9307861328125,1345.9307861328125,1319.2786865234375,1332.604736328125,18300137
2022-08-19,1372.5828857421875,1377.02490234375,1341.48876953125,1345.9307861328125,26388357
2022-08-18,1385.908935546875,1385.908935546875,1359.2568359375,1372.5828857421875,28114600
2022-08-16,1412.56103515625,1417.0030517578125,1385.908935546875,1390.3509521484375,10469683
2022-08-15,1443.6551513671875,1448.09716796875,1403.677001953125,1408.1190185546875,16955815
2022-08-12,1403.677001953125,1443.6551513671875,1394.79296875,1443.6551513671875,37241537
2022-08-11,1385.908935546875,1421.445068359375,1377.02490234375,1399.2349853515625,31676834
2022-08-10,1372.5828857421875,1377.02490234375,1354.8148193359375,1359.2568359375,12278209
2022-08-09,1377.02490234375,1390.3509521484375,1368.140869140625,1377.02490234375,21447132
2022-08-08,1350.372802734375,1372.5828857421875,1341.48876953125,1368.140869140625,34238059
2022-08-05,1323.720703125,1350.372802734375,1314.836669921875,1337.0467529296875,25013981
2022-08-04,1332.604736328125,1332.604736328125,1310.3946533203125,1314.836669921875,8379303
2022-08-03,1314.836669921875,1323.720703125,1305.95263671875,1323.720703125,7480612
2022-08-02,1314.836669921875,1332.604736328125,1305.95263671875,1314.836669921875,7953933
2022-08-01,1305.95263671875,1323.720703125,1301.5106201171875,1319.2786865234375,11274160
2022-07-29,1310.3946533203125,1328.1627197265625,1305.95263671875,1305.95263671875,27651072
2022-07-28,1301.5106201171875,1323.720703125,1297.068603515625,1301.5106201171875,19988222
2022-07-27,1292.6265869140625,1301.5106201171875,1283.7425537109375,1297.068603515625,8805011
2022-07-26,1297.068603515625,1314.836669921875,1288.1845703125,1292.6265869140625,13178588
2022-07-25,1301.5106201171875,1305.95263671875,1288.1845703125,1297.068603515625,6874469
2022-07-22,1305.95263671875,1305.95263671875,1283.7425537109375,1301.5106201171875,18061957
2022-07-21,1301.5106201171875,1305.95263671875,1283.7425537109375,1305.95263671875,8929054
2022-07-20,1288.1845703125,1319.2786865234375,1288.1845703125,1301.5106201171875,22844921
2022-07-19,1257.0904541015625,1279.300537109375,1243.764404296875,1274.8585205078125,11624339
2022-07-18,1243.764404296875,1257.0904541015625,1239.3223876953125,1248.2064208984375,5807723
2022-07-15,1230.4383544921875,1270.41650390625,1230.4383544921875,1239.3223876953125,7117714
2022-07-14,1243.764404296875,1265.9744873046875,1225.996337890625,1234.88037109375,5911055
2022-07-13,1270.41650390625,1274.8585205078125,1243.764404296875,1252.6484375,6051869
2022-07-12,1234.88037109375,1279.300537109375,1221.5543212890625,1270.41650390625,12880188
2022-07-11,1239.3223876953125,1243.764404296875,1221.5543212890625,1234.88037109375,16643682
2022-07-08,1243.764404296875,1252.6484375,1234.88037109375,1239.3223876953125,9619281
2022-07-07,1243.764404296875,1248.2064208984375,1230.4383544921875,1239.3223876953125,8706857
2022-07-06,1243.764404296875,1243.764404296875,1221.5543212890625,1243.764404296875,7457762
2022-07-05,1248.2064208984375,1265.9744873046875,1239.3223876953125,1243.764404296875,16720674
2022-07-04,1265.9744873046875,1270.41650390625,1221.5543212890625,1243.764404296875,13948959
2022-07-01,1292.6265869140625,1301.5106201171875,1252.6484375,1261.532470703125,17320514
2022-06-30,1310.3946533203125,1323.720703125,1292.6265869140625,1292.6265869140625,10984652
2022-06-29,1332.604736328125,1332.604736328125,1310.3946533203125,1310.3946533203125,12763912
2022-06-28,1332.604736328125,1332.604736328125,1319.2786865234375,1332.604736328125,7316610
2022-06-27,1328.1627197265625,1337.0467529296875,1323.720703125,1332.604736328125,8744003
2022-06-24,1332.604736328125,1332.604736328125,1319.2786865234375,1319.2786865234375,8353527
2022-06-23,1323.720703125,1328.1627197265625,1310.3946533203125,1314.836669921875,10334497
2022-06-22,1328.1627197265625,1354.8148193359375,1314.836669921875,1323.720703125,19152003
2022-06-21,1310.3946533203125,1328.1627197265625,1310.3946533203125,1319.2786865234375,11610832
2022-06-20,1332.604736328125,1332.604736328125,1292.6265869140625,1301.5106201171875,14708187
2022-06-17,1319.2786865234375,1328.1627197265625,1305.95263671875,1314.836669921875,20139392
2022-06-16,1332.604736328125,1345.9307861328125,1328.1627197265625,1332.604736328125,28631145
2022-06-15,1328.1627197265625,1341.48876953125,1305.95263671875,1323.720703125,15301949
2022-06-14,1301.5106201171875,1354.8148193359375,1292.6265869140625,1323.720703125,33023408
2022-06-13,1368.140869140625,1368.140869140625,1297.068603515625,1305.95263671875,74366237
2022-06-10,1443.6551513671875,1443.6551513671875,1381.4669189453125,1385.908935546875,76662041
2022-06-09,1443.6551513671875,1461.4232177734375,1439.213134765625,1443.6551513671875,16775942
2022-06-08,1483.63330078125,1488.0753173828125,1430.3291015625,1443.6551513671875,66963967
2022-06-07,1501.4013671875,1510.285400390625,1483.63330078125,1483.63330078125,15515478
2022-06-06,1488.0753173828125,1501.4013671875,1474.749267578125,1496.9593505859375,41567501
2022-06-03,1492.517333984375,1501.4013671875,1488.0753173828125,1488.0753173828125,15844608
2022-06-02,1514.7274169921875,1514.7274169921875,1483.63330078125,1488.0753173828125,27517461
2022-05-31,1488.0753173828125,1519.16943359375,1488.0753173828125,1510.285400390625,25552025
2022-05-30,1505.8433837890625,1505.8433837890625,1470.3072509765625,1488.0753173828125,52384888
2022-05-27,1496.9593505859375,1510.285400390625,1492.517333984375,1492.517333984375,25664924
2022-05-25,1496.9593505859375,1496.9593505859375,1474.749267578125,1488.0753173828125,23423036
2022-05-24,1483.63330078125,1501.4013671875,1474.749267578125,1492.517333984375,20495312
2022-05-23,1483.63330078125,1488.0753173828125,1465.865234375,1470.3072509765625,20810934
2022-05-20,1488.0753173828125,1488.0753173828125,1470.3072509765625,1474.749267578125,19738673
2022-05-19,1461.4232177734375,1492.517333984375,1452.5391845703125,1479.1912841796875,42482964
2022-05-18,1496.9593505859375,1496.9593505859375,1461.4232177734375,1488.0753173828125,66492447
2022-05-17,1461.4232177734375,1492.517333984375,1461.4232177734375,1479.1912841796875,23051809
2022-05-13,1465.865234375,1470.3072509765625,1430.3291015625,1461.4232177734375,31596128
2022-05-12,1483.63330078125,1501.4013671875,1439.213134765625,1448.09716796875,63751236
2022-05-11,1514.7274169921875,1545.821533203125,1492.517333984375,1492.517333984375,33418498
2022-05-10,1496.9593505859375,1519.16943359375,1461.4232177734375,1510.285400390625,74327628
2022-05-09,1616.893798828125,1616.893798828125,1528.053466796875,1528.053466796875,51438470
2022-04-28,1643.5458984375,1674.6400146484375,1630.2198486328125,1639.1038818359375,32884732
2022-04-27,1630.2198486328125,1652.429931640625,1608.009765625,1630.2198486328125,43361507
2022-04-26,1661.31396484375,1714.6180419921875,1630.2198486328125,1630.2198486328125,86241701
2022-04-25,1559.1475830078125,1670.197998046875,1545.821533203125,1656.8719482421875,164132352
2022-04-22,1572.4736328125,1612.4517822265625,1572.4736328125,1576.9156494140625,123680672
2022-04-21,1488.0753173828125,1585.7996826171875,1488.0753173828125,1563.589599609375,145419563
2022-04-20,1456.981201171875,1492.517333984375,1448.09716796875,1479.1912841796875,33944048
2022-04-19,1439.213134765625,1456.981201171875,1434.7711181640625,1448.09716796875,15280449
2022-04-18,1439.213134765625,1456.981201171875,1430.3291015625,1430.3291015625,39635271
2022-04-14,1470.3072509765625,1470.3072509765625,1434.7711181640625,1439.213134765625,16562412
2022-04-13,1448.09716796875,1474.749267578125,1434.7711181640625,1452.5391845703125,30706329
2022-04-12,1439.213134765625,1470.3072509765625,1430.3291015625,1448.09716796875,18160336
2022-04-11,1461.4232177734375,1470.3072509765625,1439.213134765625,1439.213134765625,25276474
2022-04-08,1474.749267578125,1488.0753173828125,1448.09716796875,1461.4232177734375,27420208
2022-04-07,1496.9593505859375,1505.8433837890625,1465.865234375,1470.3072509765625,31269136
2022-04-06,1510.285400390625,1523.6114501953125,1496.9593505859375,1496.9593505859375,30986494
2022-04-05,1528.053466796875,1532.4954833984375,1510.285400390625,1514.7274169921875,17012433
2022-04-04,1514.7274169921875,1532.4954833984375,1505.8433837890625,1523.6114501953125,13262784
2022-04-01,1523.6114501953125,1541.3795166015625,1501.4013671875,1514.7274169921875,14716404
2022-03-31,1532.4954833984375,1545.821533203125,1523.6114501953125,1523.6114501953125,5908353
2022-03-30,1554.70556640625,1568.0316162109375,1528.053466796875,1532.4954833984375,12918121
2022-03-29,1568.0316162109375,1590.24169921875,1550.2635498046875,1559.1475830078125,25615284
2022-03-28,1554.70556640625,1576.9156494140625,1536.9375,1554.70556640625,15658881
2022-03-25,1563.589599609375,1563.589599609375,1519.16943359375,1541.3795166015625,14325027
2022-03-24,1501.4013671875,1563.589599609375,1496.9593505859375,1554.70556640625,26470752
2022-03-23,1519.16943359375,1528.053466796875,1501.4013671875,1501.4013671875,22257462
2022-03-22,1510.285400390625,1528.053466796875,1505.8433837890625,1514.7274169921875,19324784
2022-03-21,1536.9375,1536.9375,1501.4013671875,1510.285400390625,10466306
2022-03-18,1545.821533203125,1554.70556640625,1519.16943359375,1541.3795166015625,10800164
2022-03-17,1572.4736328125,1581.357666015625,1536.9375,1545.821533203125,19574108
2022-03-16,1510.285400390625,1590.24169921875,1510.285400390625,1554.70556640625,51518276
2022-03-15,1519.16943359375,1536.9375,1501.4013671875,1519.16943359375,16967409
2022-03-14,1523.6114501953125,1536.9375,1501.4013671875,1501.4013671875,20169559
2022-03-11,1519.16943359375,1532.4954833984375,1501.4013671875,1528.053466796875,20572079
2022-03-10,1536.9375,1536.9375,1492.517333984375,1514.7274169921875,20429688
2022-03-09,1470.3072509765625,1519.16943359375,1470.3072509765625,1510.285400390625,29722429
2022-03-08,1461.4232177734375,1510.285400390625,1452.5391845703125,1470.3072509765625,23995187
2022-03-07,1483.63330078125,1488.0753173828125,1448.09716796875,1470.3072509765625,55485845
2022-03-04,1523.6114501953125,1523.6114501953125,1479.1912841796875,1496.9593505859375,47380178
2022-03-02,1545.821533203125,1554.70556640625,1523.6114501953125,1523.6114501953125,39841708
2022-03-01,1581.357666015625,1608.009765625,1541.3795166015625,1545.821533203125,41709554
2022-02-25,1545.821533203125,1581.357666015625,1545.821533203125,1576.9156494140625,29862230
2022-02-24,1568.0316162109375,1581.357666015625,1519.16943359375,1545.821533203125,35024751
2022-02-23,1554.70556640625,1585.7996826171875,1554.70556640625,1568.0316162109375,33284438
2022-02-22,1594.6837158203125,1594.6837158203125,1545.821533203125,1554.70556640625,30969498
2022-02-21,1594.6837158203125,1603.5677490234375,1568.0316162109375,1603.5677490234375,27789072
2022-02-18,1599.125732421875,1608.009765625,1585.7996826171875,1594.6837158203125,18458736
2022-02-17,1603.5677490234375,1612.4517822265625,1576.9156494140625,1599.125732421875,14959874
2022-02-16,1621.3358154296875,1630.2198486328125,1603.5677490234375,1603.5677490234375,53326352
2022-02-15,1572.4736328125,1616.893798828125,1568.0316162109375,1612.4517822265625,86146136
2022-02-14,1572.4736328125,1572.4736328125,1545.821533203125,1572.4736328125,25667851
2022-02-11,1572.4736328125,1581.357666015625,1559.1475830078125,1572.4736328125,24733703
2022-02-10,1585.7996826171875,1594.6837158203125,1559.1475830078125,1572.4736328125,38344077
2022-02-09,1572.4736328125,1599.125732421875,1572.4736328125,1576.9156494140625,76884800
2022-02-08,1581.357666015625,1590.24169921875,1545.821533203125,1554.70556640625,62984355
2022-02-07,1519.16943359375,1568.0316162109375,1514.7274169921875,1559.1475830078125,46159561
2022-02-04,1474.749267578125,1528.053466796875,1470.3072509765625,1514.7274169921875,20792474
2022-02-03,1488.0753173828125,1488.0753173828125,1465.865234375,1474.749267578125,15564104
2022-02-02,1510.285400390625,1514.7274169921875,1483.63330078125,1483.63330078125,15051837
2022-01-31,1532.4954833984375,1536.9375,1492.517333984375,1501.4013671875,35214980
2022-01-28,1390.3509521484375,1550.2635498046875,1390.3509521484375,1541.3795166015625,64056053
2022-01-27,1403.677001953125,1430.3291015625,1381.4669189453125,1381.4669189453125,26163684
2022-01-26,1385.908935546875,1425.8870849609375,1377.02490234375,1417.0030517578125,38239283
2022-01-25,1461.4232177734375,1488.0753173828125,1390.3509521484375,1390.3509521484375,52483829
2022-01-24,1483.63330078125,1501.4013671875,1448.09716796875,1474.749267578125,30572156
2022-01-21,1492.517333984375,1501.4013671875,1474.749267578125,1483.63330078125,21103932
2022-01-20,1483.63330078125,1510.285400390625,1483.63330078125,1492.517333984375,16397397
2022-01-19,1510.285400390625,1514.7274169921875,1479.1912841796875,1492.517333984375,40559063
2022-01-18,1510.285400390625,1514.7274169921875,1474.749267578125,1510.285400390625,27200938
2022-01-17,1528.053466796875,1532.4954833984375,1501.4013671875,1510.285400390625,10998272
2022-01-14,1514.7274169921875,1536.9375,1501.4013671875,1528.053466796875,10450660
2022-01-13,1528.053466796875,1528.053466796875,1505.8433837890625,1510.285400390625,11191315
2022-01-12,1514.7274169921875,1523.6114501953125,1496.9593505859375,1514.7274169921875,17311734
2022-01-11,1510.285400390625,1519.16943359375,1505.8433837890625,1510.285400390625,30175714
2022-01-10,1528.053466796875,1532.4954833984375,1510.285400390625,1519.16943359375,16021442
2022-01-07,1519.16943359375,1532.4954833984375,1510.285400390625,1528.053466796875,19727530
2022-01-06,1523.6114501953125,1532.4954833984375,1501.4013671875,1510.285400390625,35151833
2022-01-05,1581.357666015625,1608.009765625,1532.4954833984375,1536.9375,22825785
2022-01-04,1612.4517822265625,1612.4517822265625,1590.24169921875,1590.24169921875,17593588
2022-01-03,1536.9375,1612.4517822265625,1528.053466796875,1599.125732421875,34711943
2021-12-30,1554.70556640625,1559.1475830078125,1532.4954833984375,1536.9375,8655529
2021-12-29,1559.1475830078125,1563.589599609375,1528.053466796875,1554.70556640625,10312322
2021-12-28,1519.16943359375,1563.589599609375,1510.285400390625,1559.1475830078125,28303929
2021-12-27,1519.16943359375,1519.16943359375,1510.285400390625,1519.16943359375,8332703
2021-12-24,1532.4954833984375,1536.9375,1514.7274169921875,1519.16943359375,6441107
2021-12-23,1528.053466796875,1541.3795166015625,1514.7274169921875,1532.4954833984375,5709795
2021-12-22,1528.053466796875,1545.821533203125,1523.6114501953125,1528.053466796875,9863990
2021-12-21,1528.053466796875,1541.3795166015625,1496.9593505859375,1528.053466796875,15597198
2021-12-20,1528.053466796875,1536.9375,1519.16943359375,1528.053466796875,18061507
2021-12-17,1532.4954833984375,1559.1475830078125,1532.4954833984375,1532.4954833984375,10184452
2021-12-16,1576.9156494140625,1590.24169921875,1532.4954833984375,1532.4954833984375,20929124
2021-12-15,1554.70556640625,1590.24169921875,1545.821533203125,1563.589599609375,19495428
2021-12-14,1568.0316162109375,1568.0316162109375,1532.4954833984375,1554.70556640625,21133310
2021-12-13,1581.357666015625,1581.357666015625,1563.589599609375,1568.0316162109375,19583563
2021-12-10,1550.2635498046875,1563.589599609375,1541.3795166015625,1554.70556640625,10182088
2021-12-09,1559.1475830078125,1563.589599609375,1545.821533203125,1554.70556640625,8973178
2021-12-08,1572.4736328125,1572.4736328125,1541.3795166015625,1554.70556640625,25104143
2021-12-07,1572.4736328125,1576.9156494140625,1545.821533203125,1554.70556640625,15313655
2021-12-06,1545.821533203125,1563.589599609375,1528.053466796875,1554.70556640625,31812921
2021-12-03,1528.053466796875,1559.1475830078125,1510.285400390625,1541.3795166015625,37680640
2021-12-02,1492.517333984375,1528.053466796875,1474.749267578125,1519.16943359375,34973873
2021-12-01,1523.6114501953125,1536.9375,1474.749267578125,1496.9593505859375,35686613
2021-11-30,1554.70556640625,1568.0316162109375,1501.4013671875,1519.16943359375,84928558
2021-11-29,1581.357666015625,1581.357666015625,1510.285400390625,1554.70556640625,93807298
2021-11-26,1616.893798828125,1625.77783203125,1581.357666015625,1590.24169921875,47802621
2021-11-25,1621.3358154296875,1647.9879150390625,1608.009765625,1616.893798828125,39085295
2021-11-24,1616.893798828125,1625.77783203125,1608.009765625,1612.4517822265625,20201864
2021-11-23,1652.429931640625,1661.31396484375,1608.009765625,1612.4517822265625,52997672
2021-11-22,1599.125732421875,1670.197998046875,1599.125732421875,1652.429931640625,114215600
2021-11-19,1576.9156494140625,1599.125732421875,1572.4736328125,1594.6837158203125,18601689
2021-11-18,1576.9156494140625,1576.9156494140625,1559.1475830078125,1576.9156494140625,17978886
2021-11-17,1559.1475830078125,1576.9156494140625,1554.70556640625,1568.0316162109375,10264483
2021-11-16,1554.70556640625,1568.0316162109375,1550.2635498046875,1554.70556640625,19976741
2021-11-15,1590.24169921875,1599.125732421875,1536.9375,1554.70556640625,42139877
2021-11-12,1599.125732421875,1625.77783203125,1585.7996826171875,1590.24169921875,44717535
2021-11-11,1576.9156494140625,1594.6837158203125,1572.4736328125,1590.24169921875,21561832
2021-11-10,1563.589599609375,1594.6837158203125,1559.1475830078125,1576.9156494140625,41042177
2021-11-09,1599.125732421875,1599.125732421875,1568.0316162109375,1572.4736328125,18577489
2021-11-08,1568.0316162109375,1599.125732421875,1563.589599609375,1594.6837158203125,43796895
2021-11-05,1568.0316162109375,1576.9156494140625,1510.285400390625,1563.589599609375,38669493
2021-11-04,1576.9156494140625,1590.24169921875,1554.70556640625,1568.0316162109375,40937044
2021-11-03,1545.821533203125,1576.9156494140625,1528.053466796875,1568.0316162109375,30331274
2021-11-02,1590.24169921875,1590.24169921875,1523.6114501953125,1528.053466796875,32808865
2021-11-01,1594.6837158203125,1608.009765625,1581.357666015625,1590.24169921875,44008173
2021-10-29,1563.589599609375,1585.7996826171875,1541.3795166015625,1581.357666015625,63794235
2021-10-28,1545.821533203125,1554.70556640625,1488.0753173828125,1550.2635498046875,63250900
2021-10-27,1581.357666015625,1590.24169921875,1536.9375,1545.821533203125,46193104
2021-10-26,1608.009765625,1612.4517822265625,1581.357666015625,1581.357666015625,26405128
2021-10-25,1616.893798828125,1630.2198486328125,1594.6837158203125,1603.5677490234375,51257134
2021-10-22,1599.125732421875,1625.77783203125,1576.9156494140625,1616.893798828125,55481905
2021-10-21,1625.77783203125,1634.661865234375,1572.4736328125,1594.6837158203125,76161818
2021-10-19,1634.661865234375,1634.661865234375,1594.6837158203125,1608.009765625,69716433
2021-10-18,1523.6114501953125,1643.5458984375,1519.16943359375,1634.661865234375,106782263
2021-10-15,1528.053466796875,1532.4954833984375,1496.9593505859375,1519.16943359375,53134097
2021-10-14,1496.9593505859375,1541.3795166015625,1496.9593505859375,1514.7274169921875,101338000
2021-10-13,1434.7711181640625,1492.517333984375,1403.677001953125,1488.0753173828125,141980134
2021-10-12,1412.56103515625,1439.213134765625,1408.1190185546875,1434.7711181640625,86327135
2021-10-11,1412.56103515625,1425.8870849609375,1403.677001953125,1412.56103515625,29791541
2021-10-08,1403.677001953125,1443.6551513671875,1399.2349853515625,1408.1190185546875,51905488
2021-10-07,1412.56103515625,1425.8870849609375,1381.4669189453125,1390.3509521484375,58266339
2021-10-06,1363.6988525390625,1434.7711181640625,1363.6988525390625,1408.1190185546875,146671923
2021-10-05,1354.8148193359375,1368.140869140625,1341.48876953125,1354.8148193359375,49659436
2021-10-04,1328.1627197265625,1394.79296875,1319.2786865234375,1359.2568359375,94753490
2021-10-01,1248.2064208984375,1341.48876953125,1243.764404296875,1319.2786865234375,121503282
2021-09-30,1243.764404296875,1270.41650390625,1234.88037109375,1261.532470703125,53759264
2021-09-29,1194.9022216796875,1243.764404296875,1186.0181884765625,1239.3223876953125,27508344
2021-09-28,1208.228271484375,1212.6702880859375,1194.9022216796875,1199.34423828125,14327166
2021-09-27,1221.5543212890625,1225.996337890625,1203.7862548828125,1208.228271484375,10059059
2021-09-24,1225.996337890625,1234.88037109375,1208.228271484375,1212.6702880859375,17622854
2021-09-23,1230.4383544921875,1230.4383544921875,1208.228271484375,1221.5543212890625,21517708
2021-09-22,1194.9022216796875,1217.1123046875,1194.9022216796875,1208.228271484375,20010959
2021-09-21,1199.34423828125,1199.34423828125,1172.692138671875,1194.9022216796875,32994592
2021-09-20,1234.88037109375,1239.3223876953125,1203.7862548828125,1203.7862548828125,20601119
2021-09-17,1239.3223876953125,1248.2064208984375,1230.4383544921875,1239.3223876953125,24627107
2021-09-16,1239.3223876953125,1252.6484375,1234.88037109375,1239.3223876953125,13347543
2021-09-15,1252.6484375,1257.0904541015625,1234.88037109375,1239.3223876953125,32617623
2021-09-14,1288.1845703125,1288.1845703125,1248.2064208984375,1257.0904541015625,23216148
2021-09-13,1274.8585205078125,1283.7425537109375,1257.0904541015625,1279.300537109375,12413733
2021-09-10,1265.9744873046875,1283.7425537109375,1252.6484375,1274.8585205078125,37863440
2021-09-09,1252.6484375,1261.532470703125,1221.5543212890625,1257.0904541015625,32826988
2021-09-08,1279.300537109375,1283.7425537109375,1243.764404296875,1252.6484375,34373695
2021-09-07,1301.5106201171875,1305.95263671875,1270.41650390625,1279.300537109375,26819580
2021-09-06,1279.300537109375,1310.3946533203125,1274.8585205078125,1297.068603515625,60390825
2021-09-03,1274.8585205078125,1279.300537109375,1252.6484375,1274.8585205078125,22712323
2021-09-02,1248.2064208984375,1279.300537109375,1243.764404296875,1265.9744873046875,31046265
2021-09-01,1261.532470703125,1261.532470703125,1239.3223876953125,1248.2064208984375,16152238
2021-08-31,1261.532470703125,1265.9744873046875,1234.88037109375,1248.2064208984375,32431559
2021-08-30,1261.532470703125,1265.9744873046875,1243.764404296875,1261.532470703125,38234330
2021-08-27,1225.996337890625,1252.6484375,1225.996337890625,1243.764404296875,20769511
2021-08-26,1243.764404296875,1243.764404296875,1217.1123046875,1234.88037109375,28914125
2021-08-25,1252.6484375,1257.0904541015625,1239.3223876953125,1243.764404296875,14084934
2021-08-24,1279.300537109375,1279.300537109375,1239.3223876953125,1248.2064208984375,23396247
2021-08-23,1248.2064208984375,1270.41650390625,1243.764404296875,1270.41650390625,40936707
2021-08-20,1212.6702880859375,1239.3223876953125,1199.34423828125,1239.3223876953125,28243933
2021-08-19,1265.9744873046875,1270.41650390625,1186.0181884765625,1217.1123046875,80062187
2021-08-18,1221.5543212890625,1301.5106201171875,1217.1123046875,1265.9744873046875,148460750
2021-08-16,1217.1123046875,1230.4383544921875,1181.576171875,1221.5543212890625,30448450
2021-08-13,1225.996337890625,1230.4383544921875,1199.34423828125,1217.1123046875,20094480
2021-08-12,1234.88037109375,1234.88037109375,1217.1123046875,1217.1123046875,18596511
2021-08-10,1212.6702880859375,1230.4383544921875,1194.9022216796875,1221.5543212890625,26739661
2021-08-09,1234.88037109375,1243.764404296875,1208.228271484375,1212.6702880859375,35424570
2021-08-06,1279.300537109375,1288.1845703125,1225.996337890625,1234.88037109375,55400185
2021-08-05,1199.34423828125,1270.41650390625,1194.9022216796875,1265.9744873046875,141044410
2021-08-04,1177.1341552734375,1212.6702880859375,1172.692138671875,1190.460205078125,35566510
2021-08-03,1141.5980224609375,1177.1341552734375,1132.7139892578125,1168.2501220703125,31056620
2021-08-02,1172.692138671875,1181.576171875,1128.27197265625,1141.5980224609375,38257518
2021-07-30,1212.6702880859375,1212.6702880859375,1154.924072265625,1168.2501220703125,29205434
2021-07-29,1181.576171875,1212.6702880859375,1172.692138671875,1199.34423828125,45484529
2021-07-28,1190.460205078125,1199.34423828125,1154.924072265625,1163.80810546875,26413796
2021-07-27,1212.6702880859375,1221.5543212890625,1186.0181884765625,1190.460205078125,26839503
2021-07-26,1208.228271484375,1221.5543212890625,1190.460205078125,1203.7862548828125,22313067
2021-07-23,1217.1123046875,1221.5543212890625,1190.460205078125,1203.7862548828125,26735046
2021-07-22,1181.576171875,1225.996337890625,1181.576171875,1212.6702880859375,64321248
2021-07-21,1154.924072265625,1208.228271484375,1150.4820556640625,1172.692138671875,74020448
2021-07-19,1163.80810546875,1177.1341552734375,1132.7139892578125,1146.0400390625,29674140
2021-07-16,1154.924072265625,1181.576171875,1146.0400390625,1168.2501220703125,50898963
2021-07-15,1097.1778564453125,1177.1341552734375,1097.1778564453125,1141.5980224609375,77729462
2021-07-14,1132.7139892578125,1137.156005859375,1083.851806640625,1092.73583984375,44992748
2021-07-13,1150.4820556640625,1172.692138671875,1128.27197265625,1132.7139892578125,31115940
2021-07-12,1190.460205078125,1199.34423828125,1146.0400390625,1150.4820556640625,49084359
2021-07-09,1208.228271484375,1212.6702880859375,1177.1341552734375,1186.0181884765625,23202754
2021-07-08,1208.228271484375,1221.5543212890625,1190.460205078125,1194.9022216796875,14152358
2021-07-07,1203.7862548828125,1217.1123046875,1190.460205078125,1194.9022216796875,8048147
2021-07-06,1203.7862548828125,1217.1123046875,1199.34423828125,1199.34423828125,11583592
2021-07-05,1234.88037109375,1239.3223876953125,1199.34423828125,1203.7862548828125,12122424
2021-07-02,1208.228271484375,1234.88037109375,1208.228271484375,1225.996337890625,15729457
2021-07-01,1225.996337890625,1252.6484375,1208.228271484375,1208.228271484375,22217390
2021-06-30,1190.460205078125,1225.996337890625,1186.0181884765625,1217.1123046875,22673152
2021-06-29,1186.0181884765625,1217.1123046875,1177.1341552734375,1181.576171875,26700152
2021-06-28,1230.4383544921875,1239.3223876953125,1186.0181884765625,1186.0181884765625,21004315
2021-06-25,1257.0904541015625,1274.8585205078125,1225.996337890625,1225.996337890625,28825539
2021-06-24,1265.9744873046875,1274.8585205078125,1252.6484375,1257.0904541015625,24998672
2021-06-23,1292.6265869140625,1297.068603515625,1261.532470703125,1265.9744873046875,23461420
2021-06-22,1265.9744873046875,1301.5106201171875,1248.2064208984375,1292.6265869140625,41181528
2021-06-21,1243.764404296875,1274.8585205078125,1234.88037109375,1252.6484375,55972110
2021-06-18,1368.140869140625,1368.140869140625,1283.7425537109375,1305.95263671875,77638963
2021-06-17,1377.02490234375,1377.02490234375,1354.8148193359375,1368.140869140625,26626087
2021-06-16,1381.4669189453125,1385.908935546875,1377.02490234375,1381.4669189453125,29294920
2021-06-15,1394.79296875,1394.79296875,1377.02490234375,1381.4669189453125,32429871
2021-06-14,1434.7711181640625,1439.213134765625,1394.79296875,1394.79296875,47805435
2021-06-11,1408.1190185546875,1439.213134765625,1408.1190185546875,1421.445068359375,34184142
2021-06-10,1417.0030517578125,1430.3291015625,1381.4669189453125,1412.56103515625,50217065
2021-06-09,1421.445068359375,1443.6551513671875,1412.56103515625,1425.8870849609375,18963800
2021-06-08,1425.8870849609375,1439.213134765625,1417.0030517578125,1421.445068359375,18827375
2021-06-07,1465.865234375,1470.3072509765625,1417.0030517578125,1425.8870849609375,39274061
2021-06-04,1465.865234375,1488.0753173828125,1452.5391845703125,1456.981201171875,49309144
2021-06-03,1465.865234375,1470.3072509765625,1448.09716796875,1461.4232177734375,28723445
2021-06-02,1465.865234375,1474.749267578125,1443.6551513671875,1456.981201171875,44796441
2021-05-31,1412.56103515625,1456.981201171875,1412.56103515625,1452.5391845703125,39353304
2021-05-28,1421.445068359375,1430.3291015625,1399.2349853515625,1412.56103515625,29646900
2021-05-27,1412.56103515625,1443.6551513671875,1412.56103515625,1417.0030517578125,33881914
2021-05-25,1363.6988525390625,1425.8870849609375,1363.6988525390625,1399.2349853515625,72969573
2021-05-24,1377.02490234375,1390.3509521484375,1359.2568359375,1363.6988525390625,27479303
2021-05-21,1390.3509521484375,1399.2349853515625,1372.5828857421875,1381.4669189453125,31073279
2021-05-20,1354.8148193359375,1390.3509521484375,1354.8148193359375,1377.02490234375,36705407
2021-05-19,1399.2349853515625,1399.2349853515625,1377.02490234375,1377.02490234375,22471892
2021-05-18,1412.56103515625,1417.0030517578125,1377.02490234375,1399.2349853515625,45176786
2021-05-17,1439.213134765625,1448.09716796875,1408.1190185546875,1408.1190185546875,30988521
2021-05-11,1452.5391845703125,1452.5391845703125,1434.7711181640625,1448.09716796875,24148946
2021-05-10,1439.213134765625,1465.865234375,1439.213134765625,1456.981201171875,35207101
2021-05-07,1461.4232177734375,1461.4232177734375,1430.3291015625,1434.7711181640625,30395884
2021-05-06,1470.3072509765625,1474.749267578125,1434.7711181640625,1448.09716796875,39863658
2021-05-05,1412.56103515625,1461.4232177734375,1412.56103515625,1461.4232177734375,89556075
2021-05-04,1430.3291015625,1434.7711181640625,1403.677001953125,1421.445068359375,41267187
2021-05-03,1421.445068359375,1430.3291015625,1412.56103515625,1425.8870849609375,33223204
2021-04-30,1434.7711181640625,1439.213134765625,1412.56103515625,1412.56103515625,27605147
2021-04-29,1412.56103515625,1443.6551513671875,1412.56103515625,1434.7711181640625,62398247
2021-04-28,1408.1190185546875,1421.445068359375,1403.677001953125,1408.1190185546875,40409469
2021-04-27,1399.2349853515625,1425.8870849609375,1399.2349853515625,1408.1190185546875,65016540
2021-04-26,1448.09716796875,1452.5391845703125,1394.79296875,1399.2349853515625,127346125
2021-04-23,1510.285400390625,1514.7274169921875,1443.6551513671875,1448.09716796875,128697201
2021-04-22,1430.3291015625,1523.6114501953125,1412.56103515625,1510.285400390625,149361468
2021-04-21,1425.8870849609375,1448.09716796875,1421.445068359375,1430.3291015625,21712327
2021-04-20,1465.865234375,1470.3072509765625,1430.3291015625,1439.213134765625,32061795
2021-04-19,1417.0030517578125,1470.3072509765625,1417.0030517578125,1465.865234375,100846557
2021-04-16,1448.09716796875,1461.4232177734375,1399.2349853515625,1403.677001953125,116918764
2021-04-15,1479.1912841796875,1483.63330078125,1439.213134765625,1443.6551513671875,42145280
2021-04-14,1439.213134765625,1488.0753173828125,1439.213134765625,1479.1912841796875,86302034
2021-04-13,1439.213134765625,1448.09716796875,1394.79296875,1425.8870849609375,84151434
2021-04-12,1541.3795166015625,1541.3795166015625,1434.7711181640625,1434.7711181640625,178773340
2021-04-09,1505.8433837890625,1572.4736328125,1501.4013671875,1541.3795166015625,122349069
2021-04-08,1492.517333984375,1519.16943359375,1492.517333984375,1505.8433837890625,53839295
2021-04-07,1541.3795166015625,1545.821533203125,1479.1912841796875,1510.285400390625,52175523
2021-04-06,1519.16943359375,1541.3795166015625,1510.285400390625,1541.3795166015625,23043366
2021-04-05,1541.3795166015625,1550.2635498046875,1514.7274169921875,1519.16943359375,20788985
2021-04-01,1554.70556640625,1559.1475830078125,1510.285400390625,1532.4954833984375,27094455
2021-03-31,1554.70556640625,1572.4736328125,1514.7274169921875,1528.053466796875,51804746
2021-03-30,1599.125732421875,1608.009765625,1541.3795166015625,1545.821533203125,48706715
2021-03-29,1643.5458984375,1665.7559814453125,1585.7996826171875,1599.125732421875,63680097
2021-03-26,1616.893798828125,1643.5458984375,1590.24169921875,1639.1038818359375,67999758
2021-03-25,1590.24169921875,1630.2198486328125,1568.0316162109375,1585.7996826171875,42637511
2021-03-24,1625.77783203125,1639.1038818359375,1581.357666015625,1590.24169921875,56681473
2021-03-23,1679.0819091796875,1692.407958984375,1612.4517822265625,1625.77783203125,64824060
2021-03-22,1723.5020751953125,1723.5020751953125,1665.7559814453125,1679.0819091796875,31819562
2021-03-19,1719.06005859375,1723.5020751953125,1696.8499755859375,1705.7340087890625,21431035
2021-03-18,1714.6180419921875,1732.3861083984375,1679.0819091796875,1719.06005859375,49984851
2021-03-17,1754.59619140625,1759.0382080078125,1705.7340087890625,1710.176025390625,28394315
2021-03-16,1754.59619140625,1785.6903076171875,1736.828125,1745.712158203125,44940294
2021-03-15,1759.0382080078125,1794.5743408203125,1745.712158203125,1750.1541748046875,33601298
2021-03-12,1767.9222412109375,1785.6903076171875,1727.944091796875,1754.59619140625,77933311
2021-03-10,1736.828125,1803.4583740234375,1692.407958984375,1767.9222412109375,118494963
2021-03-09,1910.0667724609375,1910.0667724609375,1776.8062744140625,1776.8062744140625,84013996
2021-03-08,1892.2987060546875,1927.8348388671875,1883.4146728515625,1910.0667724609375,44821542
2021-03-05,1865.6466064453125,1918.9508056640625,1847.8785400390625,1874.5306396484375,43121188
2021-03-04,1883.4146728515625,1927.8348388671875,1830.1104736328125,1892.2987060546875,52553054
2021-03-03,1918.9508056640625,1918.9508056640625,1856.7625732421875,1883.4146728515625,28441254
2021-03-02,1910.0667724609375,1936.7188720703125,1892.2987060546875,1910.0667724609375,48254218
2021-03-01,1865.6466064453125,1892.2987060546875,1830.1104736328125,1892.2987060546875,74060182
2021-02-26,1821.2264404296875,1910.0667724609375,1794.5743408203125,1838.9945068359375,100361304
2021-02-25,1883.4146728515625,1910.0667724609375,1856.7625732421875,1874.5306396484375,112715155
2021-02-24,1785.6903076171875,1883.4146728515625,1759.0382080078125,1865.6466064453125,235595515
2021-02-23,1723.5020751953125,1794.5743408203125,1719.06005859375,1776.8062744140625,223051773
2021-02-22,1679.0819091796875,1723.5020751953125,1679.0819091796875,1714.6180419921875,95876403
2021-02-19,1652.429931640625,1674.6400146484375,1630.2198486328125,1670.197998046875,47948388
2021-02-18,1665.7559814453125,1696.8499755859375,1639.1038818359375,1652.429931640625,109776286
2021-02-17,1714.6180419921875,1727.944091796875,1656.8719482421875,1665.7559814453125,124868646
2021-02-16,1656.8719482421875,1727.944091796875,1652.429931640625,1714.6180419921875,238252979
2021-02-15,1554.70556640625,1661.31396484375,1545.821533203125,1647.9879150390625,88930795
2021-02-11,1554.70556640625,1559.1475830078125,1532.4954833984375,1536.9375,12773367
2021-02-10,1541.3795166015625,1559.1475830078125,1532.4954833984375,1545.821533203125,21165390
2021-02-09,1594.6837158203125,1616.893798828125,1541.3795166015625,1541.3795166015625,51900648
2021-02-08,1603.5677490234375,1625.77783203125,1590.24169921875,1590.24169921875,47314892
2021-02-05,1568.0316162109375,1590.24169921875,1550.2635498046875,1590.24169921875,56937213
2021-02-04,1536.9375,1581.357666015625,1519.16943359375,1554.70556640625,68242103
2021-02-03,1581.357666015625,1599.125732421875,1519.16943359375,1536.9375,98186278
2021-02-02,1501.4013671875,1581.357666015625,1470.3072509765625,1545.821533203125,130334520
2021-02-01,1377.02490234375,1488.0753173828125,1337.0467529296875,1488.0753173828125,70003127
2021-01-29,1456.981201171875,1483.63330078125,1345.9307861328125,1394.79296875,79506696
2021-01-28,1448.09716796875,1510.285400390625,1417.0030517578125,1443.6551513671875,47638169
2021-01-27,1519.16943359375,1536.9375,1448.09716796875,1510.285400390625,42862634
2021-01-26,1581.357666015625,1594.6837158203125,1483.63330078125,1519.16943359375,43828862
2021-01-25,1599.125732421875,1612.4517822265625,1545.821533203125,1581.357666015625,31026454
2021-01-22,1652.429931640625,1661.31396484375,1585.7996826171875,1599.125732421875,41847892
2021-01-21,1679.0819091796875,1687.9659423828125,1634.661865234375,1652.429931640625,59938890
2021-01-20,1603.5677490234375,1661.31396484375,1576.9156494140625,1656.8719482421875,64487614
2021-01-19,1643.5458984375,1647.9879150390625,1581.357666015625,1599.125732421875,44851483
2021-01-18,1616.893798828125,1670.197998046875,1608.009765625,1625.77783203125,45835609
2021-01-15,1696.8499755859375,1710.176025390625,1625.77783203125,1647.9879150390625,56248111
2021-01-14,1661.31396484375,1732.3861083984375,1652.429931640625,1692.407958984375,76268301
2021-01-13,1692.407958984375,1710.176025390625,1656.8719482421875,1661.31396484375,56176522
2021-01-12,1701.2919921875,1723.5020751953125,1674.6400146484375,1692.407958984375,60337246
2021-01-11,1643.5458984375,1714.6180419921875,1643.5458984375,1696.8499755859375,91715905
2021-01-08,1616.893798828125,1670.197998046875,1616.893798828125,1647.9879150390625,77218658
2021-01-07,1634.661865234375,1634.661865234375,1603.5677490234375,1608.009765625,35726234
2021-01-06,1630.2198486328125,1643.5458984375,1536.9375,1603.5677490234375,77657985
2021-01-05,1621.3358154296875,1630.2198486328125,1590.24169921875,1608.009765625,37869406
2021-01-04,1541.3795166015625,1625.77783203125,1514.7274169921875,1616.893798828125,74733187
2020-12-30,1572.4736328125,1581.357666015625,1505.8433837890625,1532.4954833984375,80667542
2020-12-29,1643.5458984375,1643.5458984375,1559.1475830078125,1572.4736328125,90862576
2020-12-28,1621.3358154296875,1656.8719482421875,1568.0316162109375,1616.893798828125,63959475
2020-12-23,1665.7559814453125,1687.9659423828125,1541.3795166015625,1599.125732421875,170823458
2020-12-22,1776.8062744140625,1776.8062744140625,1652.429931640625,1656.8719482421875,114624536
2020-12-21,1732.3861083984375,1776.8062744140625,1727.944091796875,1776.8062744140625,59152423
2020-12-18,1705.7340087890625,1732.3861083984375,1692.407958984375,1723.5020751953125,52470209
2020-12-17,1701.2919921875,1723.5020751953125,1674.6400146484375,1705.7340087890625,70031493
2020-12-16,1643.5458984375,1750.1541748046875,1639.1038818359375,1696.8499755859375,112893452
2020-12-15,1639.1038818359375,1683.52392578125,1621.3358154296875,1630.2198486328125,140055332
2020-12-14,1536.9375,1643.5458984375,1523.6114501953125,1634.661865234375,231572679
2020-12-11,1519.16943359375,1532.4954833984375,1510.285400390625,1514.7274169921875,32382370
2020-12-10,1536.9375,1545.821533203125,1514.7274169921875,1519.16943359375,47517840
2020-12-08,1545.821533203125,1550.2635498046875,1519.16943359375,1523.6114501953125,42933886
2020-12-07,1545.821533203125,1559.1475830078125,1528.053466796875,1541.3795166015625,64389460
2020-12-04,1528.053466796875,1536.9375,1510.285400390625,1528.053466796875,33464536
2020-12-03,1554.70556640625,1568.0316162109375,1523.6114501953125,1528.053466796875,86371372
2020-12-02,1536.9375,1550.2635498046875,1528.053466796875,1545.821533203125,47539115
2020-12-01,1470.3072509765625,1536.9375,1461.4232177734375,1528.053466796875,83654475
2020-11-30,1559.1475830078125,1559.1475830078125,1439.213134765625,1461.4232177734375,90564288
2020-11-27,1563.589599609375,1572.4736328125,1541.3795166015625,1545.821533203125,34659151
2020-11-26,1523.6114501953125,1554.70556640625,1519.16943359375,1554.70556640625,45150784
2020-11-25,1541.3795166015625,1572.4736328125,1510.285400390625,1532.4954833984375,68346785
2020-11-24,1528.053466796875,1536.9375,1514.7274169921875,1532.4954833984375,50329627
2020-11-23,1496.9593505859375,1528.053466796875,1492.517333984375,1519.16943359375,45070416
2020-11-20,1514.7274169921875,1523.6114501953125,1474.749267578125,1492.517333984375,40077525
2020-11-19,1510.285400390625,1536.9375,1492.517333984375,1514.7274169921875,78278537
2020-11-18,1465.865234375,1519.16943359375,1461.4232177734375,1510.285400390625,66740194
2020-11-17,1479.1912841796875,1488.0753173828125,1456.981201171875,1465.865234375,46030790
2020-11-16,1456.981201171875,1492.517333984375,1448.09716796875,1465.865234375,79933529
2020-11-13,1403.677001953125,1439.213134765625,1394.79296875,1434.7711181640625,46902804
2020-11-12,1421.445068359375,1425.8870849609375,1390.3509521484375,1412.56103515625,52229890
2020-11-11,1430.3291015625,1456.981201171875,1417.0030517578125,1421.445068359375,96844432
2020-11-10,1417.0030517578125,1430.3291015625,1399.2349853515625,1430.3291015625,149003072
2020-11-09,1408.1190185546875,1425.8870849609375,1363.6988525390625,1390.3509521484375,154116628
2020-11-06,1288.1845703125,1377.02490234375,1265.9744873046875,1363.6988525390625,232838095
2020-11-05,1252.6484375,1279.300537109375,1234.88037109375,1274.8585205078125,101468234
2020-11-04,1252.6484375,1265.9744873046875,1217.1123046875,1217.1123046875,50439825
2020-11-03,1243.764404296875,1257.0904541015625,1239.3223876953125,1243.764404296875,31113576
2020-11-02,1221.5543212890625,1252.6484375,1217.1123046875,1234.88037109375,32766542
2020-10-27,1225.996337890625,1257.0904541015625,1217.1123046875,1234.88037109375,70391127
2020-10-26,1279.300537109375,1283.7425537109375,1230.4383544921875,1234.88037109375,102149344
2020-10-23,1172.692138671875,1323.720703125,1172.692138671875,1270.41650390625,367044957
2020-10-22,1132.7139892578125,1146.0400390625,1119.387939453125,1119.387939453125,29822946
2020-10-21,1154.924072265625,1163.80810546875,1137.156005859375,1141.5980224609375,32459249
2020-10-20,1154.924072265625,1163.80810546875,1141.5980224609375,1146.0400390625,37880887
2020-10-19,1150.4820556640625,1163.80810546875,1141.5980224609375,1163.80810546875,35253251
2020-10-16,1172.692138671875,1181.576171875,1132.7139892578125,1141.5980224609375,63919065
2020-10-15,1194.9022216796875,1212.6702880859375,1163.80810546875,1168.2501220703125,37611077
2020-10-14,1177.1341552734375,1217.1123046875,1163.80810546875,1199.34423828125,66386526
2020-10-13,1128.27197265625,1181.576171875,1101.619873046875,1177.1341552734375,101863663
2020-10-12,1101.619873046875,1141.5980224609375,1101.619873046875,1119.387939453125,67419165
2020-10-09,1101.619873046875,1106.0618896484375,1083.851806640625,1092.73583984375,25284804
2020-10-08,1101.619873046875,1106.0618896484375,1083.851806640625,1097.1778564453125,18901103
2020-10-07,1097.1778564453125,1106.0618896484375,1083.851806640625,1088.2938232421875,26482571
2020-10-06,1119.387939453125,1128.27197265625,1101.619873046875,1106.0618896484375,58730880
2020-10-05,1088.2938232421875,1101.619873046875,1070.5257568359375,1101.619873046875,35232089
2020-10-02,1097.1778564453125,1101.619873046875,1048.315673828125,1074.9677734375,38395631
2020-10-01,1083.851806640625,1101.619873046875,1070.5257568359375,1097.1778564453125,55962655
2020-09-30,1083.851806640625,1092.73583984375,1034.9896240234375,1066.083740234375,47157081
2020-09-29,1079.4097900390625,1097.1778564453125,1052.7576904296875,1061.6417236328125,64958571
2020-09-28,1110.50390625,1132.7139892578125,1052.7576904296875,1066.083740234375,82963234
2020-09-25,1021.6636352539062,1119.387939453125,1017.2216186523438,1097.1778564453125,104448750
2020-09-24,1034.9896240234375,1039.431640625,1003.8955688476562,1017.2216186523438,34542200
2020-09-23,1074.9677734375,1092.73583984375,1012.7796020507812,1043.8736572265625,43126141
2020-09-22,1088.2938232421875,1101.619873046875,1057.19970703125,1066.083740234375,65565615
2020-09-21,1168.2501220703125,1172.692138671875,1101.619873046875,1110.50390625,45053869
2020-09-18,1154.924072265625,1186.0181884765625,1141.5980224609375,1168.2501220703125,37397323
2020-09-17,1181.576171875,1208.228271484375,1146.0400390625,1154.924072265625,34559647
2020-09-16,1225.996337890625,1243.764404296875,1181.576171875,1190.460205078125,28813720
2020-09-15,1239.3223876953125,1252.6484375,1208.228271484375,1225.996337890625,59665028
2020-09-14,1199.34423828125,1239.3223876953125,1186.0181884765625,1225.996337890625,102758189
2020-09-11,1092.73583984375,1217.1123046875,1088.2938232421875,1181.576171875,180643662
2020-09-10,1208.228271484375,1212.6702880859375,1168.2501220703125,1168.2501220703125,61707232
2020-09-09,1314.836669921875,1314.836669921875,1248.2064208984375,1252.6484375,89060354
2020-09-08,1377.02490234375,1390.3509521484375,1332.604736328125,1332.604736328125,34291976
2020-09-07,1385.908935546875,1390.3509521484375,1363.6988525390625,1372.5828857421875,15709872
2020-09-04,1368.140869140625,1390.3509521484375,1345.9307861328125,1381.4669189453125,20732366
2020-09-03,1412.56103515625,1421.445068359375,1390.3509521484375,1390.3509521484375,28224122
2020-09-02,1412.56103515625,1412.56103515625,1390.3509521484375,1408.1190185546875,23452415
2020-09-01,1359.2568359375,1417.0030517578125,1359.2568359375,1403.677001953125,23420448
2020-08-31,1412.56103515625,1430.3291015625,1372.5828857421875,1399.2349853515625,43244555
2020-08-28,1417.0030517578125,1421.445068359375,1381.4669189453125,1412.56103515625,26162221
2020-08-27,1390.3509521484375,1439.213134765625,1390.3509521484375,1408.1190185546875,53138262
2020-08-26,1403.677001953125,1403.677001953125,1377.02490234375,1390.3509521484375,31687528
2020-08-25,1363.6988525390625,1394.79296875,1354.8148193359375,1394.79296875,60180110
2020-08-24,1345.9307861328125,1368.140869140625,1328.1627197265625,1354.8148193359375,45272689
2020-08-19,1341.48876953125,1385.908935546875,1332.604736328125,1341.48876953125,81753874
2020-08-18,1288.1845703125,1363.6988525390625,1288.1845703125,1337.0467529296875,82907967
2020-08-14,1292.6265869140625,1305.95263671875,1274.8585205078125,1288.1845703125,30492462
2020-08-13,1301.5106201171875,1345.9307861328125,1292.6265869140625,1292.6265869140625,73382224
2020-08-12,1252.6484375,1323.720703125,1239.3223876953125,1301.5106201171875,156047846
2020-08-11,1190.460205078125,1288.1845703125,1186.0181884765625,1252.6484375,198047247
2020-08-10,1186.0181884765625,1190.460205078125,1168.2501220703125,1186.0181884765625,24298315
2020-08-07,1190.460205078125,1199.34423828125,1163.80810546875,1181.576171875,40304899
2020-08-06,1177.1341552734375,1199.34423828125,1168.2501220703125,1190.460205078125,89790765
2020-08-05,1146.0400390625,1181.576171875,1123.8299560546875,1172.692138671875,148981122
2020-08-04,1088.2938232421875,1141.5980224609375,1083.851806640625,1137.156005859375,76924309
2020-08-03,1132.7139892578125,1137.156005859375,1048.315673828125,1074.9677734375,100078887
2020-07-30,1146.0400390625,1159.3660888671875,1123.8299560546875,1123.8299560546875,88750472
2020-07-29,1123.8299560546875,1146.0400390625,1119.387939453125,1141.5980224609375,35431211
2020-07-28,1146.0400390625,1150.4820556640625,1123.8299560546875,1123.8299560546875,29046272
2020-07-27,1132.7139892578125,1150.4820556640625,1123.8299560546875,1137.156005859375,27519713
2020-07-24,1150.4820556640625,1150.4820556640625,1123.8299560546875,1132.7139892578125,47833238
2020-07-23,1150.4820556640625,1177.1341552734375,1146.0400390625,1150.4820556640625,75027761
2020-07-22,1163.80810546875,1172.692138671875,1137.156005859375,1141.5980224609375,69021479
2020-07-21,1114.9459228515625,1168.2501220703125,1114.9459228515625,1163.80810546875,110806224
2020-07-20,1163.80810546875,1163.80810546875,1097.1778564453125,1101.619873046875,128501118
2020-07-17,1154.924072265625,1181.576171875,1154.924072265625,1159.3660888671875,27577119
2020-07-16,1172.692138671875,1186.0181884765625,1163.80810546875,1168.2501220703125,44737796
2020-07-15,1186.0181884765625,1203.7862548828125,1163.80810546875,1172.692138671875,76006258
2020-07-14,1132.7139892578125,1199.34423828125,1132.7139892578125,1172.692138671875,100548944
2020-07-13,1159.3660888671875,1186.0181884765625,1159.3660888671875,1177.1341552734375,73528329
2020-07-10,1159.3660888671875,1177.1341552734375,1141.5980224609375,1150.4820556640625,142945799
2020-07-09,1199.34423828125,1212.6702880859375,1159.3660888671875,1168.2501220703125,182831294
2020-07-08,1092.73583984375,1194.9022216796875,1088.2938232421875,1190.460205078125,359680733
2020-07-07,1110.50390625,1123.8299560546875,1088.2938232421875,1088.2938232421875,52005330
2020-07-06,1092.73583984375,1119.387939453125,1083.851806640625,1101.619873046875,51153239
2020-07-03,1119.387939453125,1123.8299560546875,1092.73583984375,1092.73583984375,59381148
2020-07-02,1119.387939453125,1128.27197265625,1101.619873046875,1110.50390625,60583868
2020-07-01,1110.50390625,1123.8299560546875,1097.1778564453125,1110.50390625,85570046
2020-06-30,1123.8299560546875,1150.4820556640625,1101.619873046875,1106.0618896484375,183509590
2020-06-29,1066.083740234375,1101.619873046875,1052.7576904296875,1101.619873046875,145132081
2020-06-26,1074.9677734375,1119.387939453125,1061.6417236328125,1074.9677734375,293186035
2020-06-25,1039.431640625,1092.73583984375,1030.547607421875,1048.315673828125,253160626
2020-06-24,977.2434692382812,1097.1778564453125,963.9174194335938,1079.4097900390625,483718338
2020-06-23,981.6854858398438,990.5695190429688,946.1493530273438,963.9174194335938,63800651
2020-06-22,990.5695190429688,999.4535522460938,977.2434692382812,977.2434692382812,55840976
2020-06-19,1012.7796020507812,1017.2216186523438,981.6854858398438,990.5695190429688,168955837
2020-06-18,999.4535522460938,1030.547607421875,977.2434692382812,1008.3375854492188,126526677
2020-06-17,1048.315673828125,1052.7576904296875,999.4535522460938,1012.7796020507812,170251758
2020-06-16,977.2434692382812,1030.547607421875,977.2434692382812,1017.2216186523438,249495060
2020-06-15,999.4535522460938,1052.7576904296875,941.7073364257812,941.7073364257812,312779166
2020-06-12,883.9611206054688,1008.3375854492188,852.8670043945312,999.4535522460938,343100873
2020-06-11,972.8014526367188,995.0115356445312,901.7291870117188,910.6132202148438,235057471
2020-06-10,1034.9896240234375,1066.083740234375,968.3594360351562,968.3594360351562,250689901
2020-06-09,1066.083740234375,1132.7139892578125,1030.547607421875,1039.431640625,367747341
2020-06-08,955.0333862304688,1061.6417236328125,955.0333862304688,1043.8736572265625,393387164
2020-06-05,866.1930541992188,941.7073364257812,843.9829711914062,937.2653198242188,349158821
2020-06-04,915.0552368164062,937.2653198242188,861.7510375976562,866.1930541992188,289061781
2020-06-03,843.9829711914062,963.9174194335938,843.9829711914062,897.2871704101562,678453013
2020-06-02,684.0704345703125,835.0989990234375,675.1864013671875,821.77294921875,591185200
2020-05-29,719.6065673828125,719.6065673828125,675.1864013671875,675.1864013671875,540330361
2020-05-28,710.7225341796875,728.4906005859375,697.396484375,719.6065673828125,128355464
2020-05-27,688.512451171875,706.280517578125,684.0704345703125,692.9544677734375,76901797
2020-05-26,701.8385009765625,701.8385009765625,679.62841796875,679.62841796875,45247475
2020-05-20,679.62841796875,692.9544677734375,666.3023681640625,684.0704345703125,40392922
2020-05-19,679.62841796875,710.7225341796875,675.1864013671875,675.1864013671875,73785757
2020-05-18,666.3023681640625,675.1864013671875,639.6502685546875,675.1864013671875,26978292
2020-05-15,675.1864013671875,679.62841796875,644.09228515625,661.8603515625,40295219
2020-05-14,692.9544677734375,692.9544677734375,657.4183349609375,661.8603515625,54952978
2020-05-13,732.9326171875,732.9326171875,684.0704345703125,692.9544677734375,120814856
2020-05-12,768.46875,768.46875,724.048583984375,732.9326171875,39382345
2020-05-11,768.46875,772.9107666015625,759.584716796875,764.0267333984375,22171240
2020-05-08,781.7947998046875,781.7947998046875,746.2586669921875,750.70068359375,48551380
2020-05-06,781.7947998046875,790.6788330078125,772.9107666015625,777.352783203125,20069942
2020-05-05,781.7947998046875,799.5628662109375,768.46875,777.352783203125,39790831
2020-05-04,755.1427001953125,772.9107666015625,746.2586669921875,772.9107666015625,54402327
2020-04-30,741.816650390625,790.6788330078125,737.3746337890625,781.7947998046875,81996556
2020-04-29,741.816650390625,755.1427001953125,724.048583984375,732.9326171875,30112004
2020-04-28,728.4906005859375,759.584716796875,719.6065673828125,741.816650390625,46125342
2020-04-27,737.3746337890625,755.1427001953125,715.16455078125,728.4906005859375,41732291
2020-04-24,781.7947998046875,781.7947998046875,732.9326171875,737.3746337890625,70375593
2020-04-23,799.5628662109375,812.888916015625,781.7947998046875,781.7947998046875,52984390
2020-04-22,777.352783203125,799.5628662109375,759.584716796875,799.5628662109375,28487179
2020-04-21,817.3309326171875,817.3309326171875,772.9107666015625,781.7947998046875,36708446
2020-04-20,852.8670043945312,857.3090209960938,804.0048828125,812.888916015625,44255695
2020-04-17,830.656982421875,861.7510375976562,821.77294921875,852.8670043945312,49037646
2020-04-16,843.9829711914062,848.4249877929688,795.120849609375,799.5628662109375,34313362
2020-04-15,879.5191040039062,906.1712036132812,839.5409545898438,852.8670043945312,56725147
2020-04-14,821.77294921875,883.9611206054688,821.77294921875,879.5191040039062,52674621
2020-04-13,826.2149658203125,839.5409545898438,808.4468994140625,817.3309326171875,31241671
2020-04-09,875.0770874023438,875.0770874023438,808.4468994140625,817.3309326171875,49194106
2020-04-08,923.9392700195312,923.9392700195312,835.0989990234375,835.0989990234375,48352371
2020-04-07,928.3812866210938,977.2434692382812,866.1930541992188,897.2871704101562,91620453
2020-04-06,817.3309326171875,897.2871704101562,799.5628662109375,892.8451538085938,79783935
2020-04-03,755.1427001953125,830.656982421875,755.1427001953125,817.3309326171875,64510801
2020-04-02,737.3746337890625,759.584716796875,706.280517578125,750.70068359375,49296650
2020-04-01,746.2586669921875,781.7947998046875,710.7225341796875,741.816650390625,49629382
2020-03-31,764.0267333984375,772.9107666015625,728.4906005859375,746.2586669921875,57287391
2020-03-30,790.6788330078125,790.6788330078125,737.3746337890625,737.3746337890625,46682296
2020-03-27,764.0267333984375,879.5191040039062,755.1427001953125,790.6788330078125,154945644
2020-03-26,746.2586669921875,808.4468994140625,724.048583984375,728.4906005859375,140260757
2020-03-24,799.5628662109375,830.656982421875,728.4906005859375,728.4906005859375,26866068
2020-03-23,799.5628662109375,799.5628662109375,781.7947998046875,781.7947998046875,13925997
2020-03-20,848.4249877929688,866.1930541992188,830.656982421875,839.5409545898438,62259796
2020-03-19,897.2871704101562,932.8233032226562,892.8451538085938,892.8451538085938,54420112
2020-03-18,995.0115356445312,1030.547607421875,959.4754028320312,959.4754028320312,54587379
2020-03-17,1052.7576904296875,1066.083740234375,1030.547607421875,1030.547607421875,71592046
2020-03-16,1154.924072265625,1163.80810546875,1106.0618896484375,1106.0618896484375,16775041
2020-03-13,1154.924072265625,1234.88037109375,1079.4097900390625,1186.0181884765625,31930660
2020-03-12,1288.1845703125,1288.1845703125,1159.3660888671875,1159.3660888671875,24373168
2020-03-11,1332.604736328125,1372.5828857421875,1314.836669921875,1323.720703125,31676834
2020-03-10,1270.41650390625,1354.8148193359375,1270.41650390625,1332.604736328125,40724416
2020-03-09,1443.6551513671875,1448.09716796875,1243.764404296875,1288.1845703125,21119015
2020-03-06,1510.285400390625,1510.285400390625,1465.865234375,1474.749267578125,6602520
2020-03-05,1572.4736328125,1594.6837158203125,1519.16943359375,1528.053466796875,12960557
2020-03-04,1501.4013671875,1576.9156494140625,1488.0753173828125,1554.70556640625,27455102
2020-03-03,1483.63330078125,1532.4954833984375,1479.1912841796875,1501.4013671875,12701102
2020-03-02,1496.9593505859375,1528.053466796875,1452.5391845703125,1465.865234375,9871756
2020-02-28,1510.285400390625,1536.9375,1439.213134765625,1510.285400390625,22385444
2020-02-27,1599.125732421875,1599.125732421875,1541.3795166015625,1554.70556640625,12118709
2020-02-26,1590.24169921875,1616.893798828125,1581.357666015625,1594.6837158203125,22087607
2020-02-25,1612.4517822265625,1630.2198486328125,1581.357666015625,1616.893798828125,18660672
2020-02-24,1625.77783203125,1656.8719482421875,1603.5677490234375,1616.893798828125,19517265
2020-02-21,1701.2919921875,1710.176025390625,1661.31396484375,1661.31396484375,16894919
2020-02-20,1696.8499755859375,1719.06005859375,1670.197998046875,1705.7340087890625,26113144
2020-02-19,1683.52392578125,1696.8499755859375,1661.31396484375,1683.52392578125,19780321
2020-02-18,1594.6837158203125,1692.407958984375,1581.357666015625,1683.52392578125,35675244
2020-02-17,1536.9375,1608.009765625,1488.0753173828125,1594.6837158203125,39476784
2020-02-14,1554.70556640625,1572.4736328125,1536.9375,1568.0316162109375,15782699
2020-02-13,1581.357666015625,1585.7996826171875,1536.9375,1554.70556640625,14932522
2020-02-12,1599.125732421875,1608.009765625,1563.589599609375,1581.357666015625,17065000
2020-02-11,1630.2198486328125,1639.1038818359375,1581.357666015625,1599.125732421875,11909908
2020-02-10,1625.77783203125,1639.1038818359375,1612.4517822265625,1630.2198486328125,12522467
2020-02-07,1643.5458984375,1661.31396484375,1625.77783203125,1639.1038818359375,22535601
2020-02-06,1634.661865234375,1674.6400146484375,1608.009765625,1643.5458984375,41185468
2020-02-05,1647.9879150390625,1656.8719482421875,1594.6837158203125,1603.5677490234375,16276619
2020-02-04,1612.4517822265625,1652.429931640625,1550.2635498046875,1634.661865234375,36601063
2020-02-03,1656.8719482421875,1656.8719482421875,1603.5677490234375,1608.009765625,19489800
2020-01-31,1723.5020751953125,1727.944091796875,1647.9879150390625,1661.31396484375,20893217
2020-01-30,1736.828125,1736.828125,1696.8499755859375,1714.6180419921875,9250867
2020-01-29,1750.1541748046875,1759.0382080078125,1714.6180419921875,1714.6180419921875,11574024
2020-01-28,1732.3861083984375,1767.9222412109375,1710.176025390625,1736.828125,18143789
2020-01-27,1821.2264404296875,1821.2264404296875,1759.0382080078125,1767.9222412109375,9801068
2020-01-24,1812.3424072265625,1856.7625732421875,1794.5743408203125,1838.9945068359375,14893913
2020-01-23,1821.2264404296875,1830.1104736328125,1776.8062744140625,1803.4583740234375,7730274
2020-01-22,1847.8785400390625,1865.6466064453125,1794.5743408203125,1821.2264404296875,11118488
2020-01-21,1874.5306396484375,1874.5306396484375,1830.1104736328125,1847.8785400390625,7211365
2020-01-20,1910.0667724609375,1910.0667724609375,1856.7625732421875,1865.6466064453125,8423990
2020-01-17,1883.4146728515625,1910.0667724609375,1874.5306396484375,1910.0667724609375,8893372
2020-01-16,1883.4146728515625,1892.2987060546875,1865.6466064453125,1892.2987060546875,17903808
2020-01-15,1927.8348388671875,1936.7188720703125,1883.4146728515625,1901.1827392578125,10037559
2020-01-14,1918.9508056640625,1927.8348388671875,1892.2987060546875,1918.9508056640625,17977986
2020-01-13,1927.8348388671875,1936.7188720703125,1883.4146728515625,1910.0667724609375,11679269
2020-01-10,1892.2987060546875,1927.8348388671875,1874.5306396484375,1918.9508056640625,20457829
2020-01-09,1838.9945068359375,1883.4146728515625,1830.1104736328125,1874.5306396484375,10209779
2020-01-08,1865.6466064453125,1883.4146728515625,1838.9945068359375,1838.9945068359375,14326153
2020-01-07,1874.5306396484375,1901.1827392578125,1865.6466064453125,1883.4146728515625,20977638
2020-01-06,1892.2987060546875,1910.0667724609375,1874.5306396484375,1892.2987060546875,12162158
2020-01-03,1910.0667724609375,1910.0667724609375,1874.5306396484375,1910.0667724609375,9313789
2020-01-02,1910.0667724609375,1910.0667724609375,1874.5306396484375,1892.2987060546875,6116029
